-- phpMyAdmin SQL Dump
-- version 5.0.4
-- https://www.phpmyadmin.net/
--
-- Host: 127.0.0.1
-- Generation Time: Mar 22, 2021 at 06:36 PM
-- Server version: 10.4.17-MariaDB
-- PHP Version: 8.0.2

SET SQL_MODE = "NO_AUTO_VALUE_ON_ZERO";
START TRANSACTION;
SET time_zone = "+00:00";


/*!40101 SET @OLD_CHARACTER_SET_CLIENT=@@CHARACTER_SET_CLIENT */;
/*!40101 SET @OLD_CHARACTER_SET_RESULTS=@@CHARACTER_SET_RESULTS */;
/*!40101 SET @OLD_COLLATION_CONNECTION=@@COLLATION_CONNECTION */;
/*!40101 SET NAMES utf8mb4 */;

--
-- Database: `cranklite`
--

-- --------------------------------------------------------

--
-- Table structure for table `brewer`
--

CREATE TABLE `brewer` (
  `id` int(8) NOT NULL,
  `name` varchar(30) NOT NULL,
  `address` varchar(100) NOT NULL,
  `email` varchar(30) NOT NULL,
  `phone` int(12) NOT NULL,
  `delivery_info` varchar(30) DEFAULT NULL
) ENGINE=InnoDB DEFAULT CHARSET=utf8mb4;

--
-- Dumping data for table `brewer`
--

INSERT INTO `brewer` (`id`, `name`, `address`, `email`, `phone`, `delivery_info`) VALUES
(1, 'Yodo', '1143 Goodland Alley', 'ljoubert0@1688.com', 2147483647, 'Networked foreground leverage');

-- --------------------------------------------------------

--
-- Table structure for table `customer`
--

CREATE TABLE `customer` (
  `id` int(8) NOT NULL,
  `name` varchar(30) NOT NULL,
  `type` varchar(20) NOT NULL COMMENT 'Licensee/Store',
  `address` varchar(40) NOT NULL,
  `phone` int(12) NOT NULL,
  `email` varchar(20) NOT NULL,
  `delivery_freq` varchar(10) DEFAULT NULL,
  `delivery_day` varchar(10) DEFAULT NULL,
  `beer_store_no` int(10) DEFAULT NULL,
  `lcbo_store_no` int(10) DEFAULT NULL
) ENGINE=InnoDB DEFAULT CHARSET=utf8mb4;

--
-- Dumping data for table `customer`
--

INSERT INTO `customer` (`id`, `name`, `type`, `address`, `phone`, `email`, `delivery_freq`, `delivery_day`, `beer_store_no`, `lcbo_store_no`) VALUES
(1, 'Montes Nascetur LLC', 'store', '837-957 Est Rd.', 1646734080, 'eu.enim.Etiam@dignis', 'monthly', '4', 2147483647, 2147483647),
(2, 'Faucibus Lectus A Industries', 'licensee', 'P.O. Box 288, 3863 Vel Rd.', 1429668587, 'Nullam.vitae@nec.edu', 'quarterly', '7', 2147483647, 2147483647),
(3, 'Dolor Tempus Limited', 'store', 'P.O. Box 188, 1741 Mauris St.', 456106624, 'adipiscing@convallis', 'biweekly', '5', 2147483647, 2147483647),
(4, 'Enim Mi Associates', 'store', '7121 Cras Ave', 2147483647, 'Aliquam@musProinvel.', 'quarterly', '6', 2147483647, 2147483647),
(5, 'Augue Eu Industries', 'store', '489-1806 Tincidunt. St.', 2147483647, 'amet.orci@Aliquam.or', 'biweekly', '5', 2147483647, 2147483647),
(6, 'Neque Morbi Associates', 'store', '5738 Pharetra Rd.', 69629176, 'placerat.eget@Fuscem', 'monthly', '3', 2147483647, 2147483647),
(7, 'Sit Amet Consectetuer Associat', 'store', 'P.O. Box 290, 258 Aliquam Road', 2147483647, 'accumsan.neque@aliqu', 'weekly', '2', 2147483647, 2147483647),
(8, 'Primis Corp.', 'store', '276-6951 Sed St.', 2147483647, 'sem@erat.net', 'biweekly', '5', 2147483647, 2147483647),
(9, 'Dui Foundation', 'licensee', 'P.O. Box 121, 466 Cras Road', 2147483647, 'Maecenas.ornare.eges', 'quarterly', '1', 2147483647, 2147483647),
(10, 'Risus Nulla Associates', 'licensee', '369-6161 Vitae, Ave', 2147483647, 'urna.Nunc@turpisvita', 'monthly', '5', 2147483647, 2147483647),
(11, 'Mollis Industries', 'licensee', 'P.O. Box 538, 1709 Montes, Road', 2147483647, 'nunc.sed.libero@metu', 'monthly', '3', 2147483647, 2147483647),
(12, 'Eu Euismod Ac LLP', 'licensee', '246-1689 Et Av.', 2147483647, 'turpis.vitae.purus@f', 'monthly', '3', 2147483647, 2147483647),
(13, 'Velit In Aliquet Ltd', 'licensee', 'P.O. Box 989, 7902 Felis. Avenue', 2147483647, 'convallis.est@magnis', 'monthly', '3', 2147483647, 1658310099),
(14, 'Vitae Corp.', 'licensee', 'Ap #734-7868 Viverra. Rd.', 2147483647, 'Vivamus.rhoncus.Done', 'biweekly', '5', 2147483647, 2147483647),
(15, 'Elementum PC', 'licensee', 'P.O. Box 280, 9173 Lacus. Road', 2147483647, 'Proin.velit.Sed@enim', 'quarterly', '5', 2147483647, 2147483647),
(16, 'Metus Ltd', 'licensee', 'Ap #118-3754 Et Rd.', 2147483647, 'eu@dui.org', 'biweekly', '6', 2147483647, 2147483647),
(17, 'Ipsum Industries', 'licensee', '241-6291 Eu Av.', 728588311, 'aliquet.molestie@mau', 'weekly', '4', 1670457199, 2147483647),
(18, 'In Faucibus Orci Associates', 'licensee', 'Ap #418-4702 Aliquam Rd.', 2147483647, 'nonummy@nisi.net', 'quarterly', '5', 2147483647, 2147483647),
(19, 'Arcu Vivamus Industries', 'licensee', 'Ap #676-7454 Integer Rd.', 2147483647, 'ligula.Aenean@velitS', 'monthly', '5', 2147483647, 2147483647),
(20, 'Elit A Company', 'licensee', '938-2210 A Av.', 2147483647, 'ante@Nunc.ca', 'quarterly', '7', 2147483647, 2147483647),
(21, 'Feugiat Non Lobortis Industrie', 'licensee', '4594 Morbi Road', 2147483647, 'odio@Nullamsuscipite', 'biweekly', '5', 2147483647, 2147483647),
(22, 'Phasellus Dolor Elit Inc.', 'licensee', 'Ap #501-6605 Arcu. Street', 2147483647, 'neque@orciquislectus', 'quarterly', '2', 2147483647, 2147483647),
(23, 'Posuere Cubilia Company', 'licensee', '932-3950 Mollis. Road', 1668558956, 'ac.risus.Morbi@iacul', 'biweekly', '7', 2147483647, 2147483647),
(24, 'Ante Vivamus Company', 'licensee', 'P.O. Box 774, 6562 A Road', 2147483647, 'sapien.Nunc.pulvinar', 'monthly', '3', 2147483647, 2147483647),
(25, 'Curabitur Associates', 'licensee', 'Ap #417-8355 Duis Rd.', 2147483647, 'quis.lectus.Nullam@m', 'monthly', '7', 2147483647, 2147483647),
(26, 'Penatibus Et Magnis Company', 'store', 'Ap #611-2448 Malesuada St.', 2147483647, 'penatibus.et.magnis@', 'monthly', '2', 2147483647, 2147483647),
(27, 'Neque Et Nunc Company', 'store', '3171 Dictum Av.', 2147483647, 'adipiscing.lacus.Ut@', 'quarterly', '5', 2147483647, 2147483647),
(28, 'Ac Company', 'licensee', 'Ap #122-646 Mauris Av.', 2147483647, 'eget@Suspendissecomm', 'biweekly', '2', 2147483647, 2147483647),
(29, 'Penatibus Et Magnis Industries', 'store', 'P.O. Box 474, 4425 Dolor Ave', 1793929112, 'Etiam@sociosquadlito', 'quarterly', '1', 2147483647, 1886818499),
(30, 'Non Hendrerit Id Corporation', 'licensee', '925-1834 Nec Avenue', 2147483647, 'lectus.justo.eu@aliq', 'weekly', '5', 2147483647, 2147483647),
(31, 'Lobortis Tellus Justo Consulti', 'store', 'P.O. Box 724, 8502 Lobortis Rd.', 2147483647, 'tincidunt.vehicula@e', 'weekly', '2', 348737399, 2147483647),
(32, 'Adipiscing Elit LLP', 'store', '469-7628 Tellus Rd.', 2147483647, 'Donec.elementum@dict', 'monthly', '3', 2147483647, 2147483647),
(33, 'Pellentesque Inc.', 'store', '997-6619 Vitae Street', 2147483647, 'iaculis.quis.pede@ne', 'quarterly', '1', 2147483647, 2147483647),
(34, 'Mauris Blandit Inc.', 'store', '770-7554 Non Avenue', 2147483647, 'consectetuer.adipisc', 'biweekly', '6', 2147483647, 2147483647),
(35, 'Accumsan Neque Limited', 'licensee', 'Ap #194-1998 Diam Rd.', 2147483647, 'Sed@sed.com', 'monthly', '7', 2147483647, 2147483647),
(36, 'Mi Lorem LLC', 'store', '3484 Mollis. St.', 1182882621, 'cubilia@necurnaet.or', 'biweekly', '1', 2147483647, 2147483647),
(37, 'Rhoncus Consulting', 'licensee', 'Ap #134-517 Vitae, Avenue', 2147483647, 'dolor.egestas@lacini', 'quarterly', '6', 2147483647, 2147483647),
(38, 'Erat Vivamus Nisi Foundation', 'licensee', '222-5297 Sem Av.', 2147483647, 'tristique.pellentesq', 'monthly', '2', 2147483647, 2147483647),
(39, 'Ornare Placerat Orci Industrie', 'store', 'Ap #664-4429 Ornare, Rd.', 2147483647, 'nascetur@at.net', 'biweekly', '7', 2147483647, 2147483647),
(40, 'Felis LLC', 'licensee', '4421 Ridiculus Avenue', 2117331467, 'Cras@felisDonectempo', 'biweekly', '6', 2147483647, 2147483647),
(41, 'Ornare Sagittis Felis LLP', 'licensee', '9366 Ornare St.', 2147483647, 'augue.porttitor@metu', 'biweekly', '1', 2147483647, 2147483647),
(42, 'Ultricies Corp.', 'licensee', '177-2417 Mi. Street', 2147483647, 'magnis.dis@portaelit', 'quarterly', '7', 2147483647, 2147483647),
(43, 'Non Leo Limited', 'store', '427-5838 Sodales Avenue', 2147483647, 'est@faucibus.com', 'quarterly', '6', 2147483647, 2147483647),
(44, 'Congue Corp.', 'licensee', 'Ap #835-417 Elementum St.', 2147483647, 'sit@Namconsequat.ca', 'biweekly', '3', 2147483647, 2147483647),
(45, 'Eleifend Company', 'store', '616-1048 Vitae, Rd.', 2147483647, 'nunc@diamat.co.uk', 'biweekly', '7', 2147483647, 2147483647),
(46, 'Non Egestas Incorporated', 'licensee', '506-9284 Ac, Road', 2147483647, 'elit.elit.fermentum@', 'monthly', '7', 2147483647, 2147483647),
(47, 'Purus Duis Incorporated', 'store', 'P.O. Box 826, 6959 Nascetur Rd.', 2147483647, 'consequat.enim.diam@', 'weekly', '1', 2147483647, 2147483647),
(48, 'Dignissim Company', 'store', '1038 Odio Av.', 2147483647, 'dui.in.sodales@Vivam', 'monthly', '4', 2147483647, 2147483647),
(49, 'Vulputate Mauris Sagittis Indu', 'licensee', 'Ap #934-2245 Senectus Street', 2147483647, 'turpis.non@euismod.c', 'biweekly', '7', 2147483647, 2147483647),
(50, 'Sit PC', 'licensee', 'Ap #202-3699 Non Rd.', 2147483647, 'elit@vitaealiquet.ca', 'quarterly', '1', 2147483647, 2147483647),
(51, 'Tellus Aenean Ltd', 'store', '1608 Dictum Avenue', 2147483647, 'Proin@Nullam.com', 'weekly', '3', 2147483647, 2147483647),
(52, 'Magnis Dis Parturient Company', 'licensee', '253-2853 Sit Road', 2147483647, 'ac.metus@tempuseulig', 'weekly', '3', 2147483647, 2147483647),
(53, 'Felis Purus Ac Consulting', 'store', '494-3074 Mauris St.', 2147483647, 'sapien.cursus.in@orn', 'quarterly', '3', 2147483647, 2147483647),
(54, 'Velit Sed Malesuada LLC', 'licensee', 'P.O. Box 195, 2779 Eget St.', 354873139, 'elementum@feugiatLor', 'biweekly', '6', 2147483647, 2147483647),
(55, 'Tristique Ac Eleifend Corp.', 'store', '475-9042 Gravida Rd.', 2147483647, 'dictum@Fuscealiquetm', 'biweekly', '6', 2147483647, 2147483647),
(56, 'Consectetuer Mauris Industries', 'store', '1332 Elementum, Av.', 2147483647, 'magna.Duis.dignissim', 'weekly', '1', 2147483647, 2147483647),
(57, 'Dui In LLC', 'licensee', 'P.O. Box 278, 4719 Ullamcorper. Street', 2147483647, 'imperdiet.nec@Intege', 'quarterly', '1', 2147483647, 2147483647),
(58, 'Odio Consulting', 'licensee', '5744 Nulla Rd.', 2147483647, 'et.ultrices@eget.com', 'biweekly', '1', 2147483647, 2147483647),
(59, 'Natoque Corporation', 'licensee', '6054 Euismod Ave', 2147483647, 'id@fames.edu', 'monthly', '5', 2147483647, 2147483647),
(60, 'Nunc Commodo Auctor PC', 'store', '130-5544 Nulla Av.', 2147483647, 'et@In.com', 'weekly', '5', 2147483647, 2147483647),
(61, 'Iaculis Associates', 'store', '8314 Neque Av.', 2147483647, 'eu.eros@neceleifend.', 'quarterly', '1', 2147483647, 2147483647),
(62, 'Primis In Company', 'licensee', '151-4996 Et Road', 2147483647, 'blandit@elitpellente', 'weekly', '3', 2147483647, 2147483647),
(63, 'Congue Turpis Company', 'store', '6235 Molestie St.', 2147483647, 'molestie.in@habitant', 'biweekly', '3', 2147483647, 2147483647),
(64, 'Magnis Dis Ltd', 'licensee', '402-3267 Gravida Rd.', 301394849, 'odio.Etiam.ligula@er', 'weekly', '6', 2147483647, 2147483647),
(65, 'Tincidunt Incorporated', 'store', 'Ap #474-1822 Lorem, Av.', 2147483647, 'aliquet.metus.urna@d', 'biweekly', '7', 2147483647, 2147483647),
(66, 'Et Malesuada Company', 'store', '4847 Odio. Rd.', 2147483647, 'erat.neque.non@velco', 'biweekly', '6', 2147483647, 2147483647),
(67, 'Amet Ante PC', 'licensee', '9020 Dolor. St.', 2147483647, 'feugiat@Suspendisset', 'monthly', '7', 2147483647, 2147483647),
(68, 'Nunc Sed Pede LLP', 'licensee', 'P.O. Box 545, 5807 Leo. Street', 2147483647, 'amet.orci@ornare.edu', 'biweekly', '2', 2147483647, 2147483647),
(69, 'Luctus Et Ultrices Ltd', 'licensee', 'Ap #789-9978 Metus. Rd.', 2116520796, 'tincidunt@luctus.ca', 'biweekly', '4', 2147483647, 2147483647),
(70, 'Sed Sem Egestas LLC', 'licensee', '778 Et Ave', 2147483647, 'Nunc.ut.erat@Morbi.e', 'biweekly', '5', 2147483647, 2147483647),
(71, 'Felis Foundation', 'licensee', '2292 Dictum St.', 2147483647, 'Nunc.commodo.auctor@', 'biweekly', '4', 2147483647, 2147483647),
(72, 'Ac Incorporated', 'licensee', '1647 Pharetra. Rd.', 1926754748, 'metus@dolor.com', 'biweekly', '1', 2147483647, 2147483647),
(73, 'A LLP', 'licensee', '382-5334 Venenatis Av.', 2147483647, 'nisl.arcu.iaculis@ta', 'biweekly', '5', 2147483647, 2147483647),
(74, 'Fames Ac PC', 'store', '4237 Cras Rd.', 2147483647, 'nonummy@dolorvitae.e', 'weekly', '3', 2147483647, 2147483647),
(75, 'Lacus Quisque Company', 'licensee', 'Ap #364-4657 Consequat Av.', 2147483647, 'convallis.est.vitae@', 'weekly', '3', 2147483647, 2147483647),
(76, 'Mi Corporation', 'licensee', '319-6809 Ut, Av.', 2147483647, 'fames@miAliquam.edu', 'weekly', '4', 2147483647, 2147483647),
(77, 'Egestas Company', 'store', '407 A St.', 50289785, 'Aliquam@nullaanteiac', 'quarterly', '4', 2147483647, 2147483647),
(78, 'Mi LLC', 'licensee', '470 Vel, Street', 1505288699, 'enim.Suspendisse.ali', 'quarterly', '2', 2147483647, 2147483647),
(79, 'Nec Tempus Scelerisque Company', 'store', 'Ap #228-3921 Eleifend Rd.', 2147483647, 'metus.eu.erat@laoree', 'monthly', '2', 2147483647, 2147483647),
(80, 'Integer LLC', 'licensee', '4065 Donec Av.', 2147483647, 'Suspendisse.non.leo@', 'weekly', '2', 2147483647, 2147483647),
(81, 'Convallis Industries', 'store', '9298 Lacinia Street', 2147483647, 'facilisis.eget.ipsum', 'quarterly', '2', 2147483647, 2147483647),
(82, 'Et LLC', 'store', 'P.O. Box 326, 8775 Mauris St.', 859303050, 'Nam@eutellus.net', 'quarterly', '6', 2147483647, 2147483647),
(83, 'Magna Phasellus LLP', 'licensee', '466-8632 Nulla St.', 2147483647, 'Donec.est@nequenon.c', 'quarterly', '1', 2147483647, 2147483647),
(84, 'Orci Industries', 'store', '222-822 Aliquet, St.', 2147483647, 'ligula.Nullam@vitae.', 'biweekly', '7', 2147483647, 2147483647),
(85, 'In Molestie Tortor Corp.', 'store', 'Ap #355-5503 Metus Avenue', 2147483647, 'scelerisque.sceleris', 'quarterly', '4', 2147483647, 2147483647),
(86, 'Mauris Eu Corporation', 'store', 'P.O. Box 531, 3502 Mauris St.', 2147483647, 'Donec@risus.net', 'weekly', '3', 2147483647, 2147483647),
(87, 'Lorem Institute', 'store', 'P.O. Box 274, 2652 Nunc St.', 2147483647, 'in.faucibus@egetmetu', 'biweekly', '2', 2147483647, 2147483647),
(88, 'Magnis Dis Parturient Industri', 'store', '658-9495 Turpis. Rd.', 2147483647, 'aliquet.lobortis@est', 'biweekly', '1', 2147483647, 2147483647),
(89, 'Vulputate PC', 'store', 'P.O. Box 493, 3297 Proin Ave', 2147483647, 'neque.non.quam@Aenea', 'weekly', '7', 2147483647, 2147483647),
(90, 'Enim Sit LLC', 'licensee', 'P.O. Box 552, 4758 Dictum Ave', 2147483647, 'mi@nislelementumpuru', 'quarterly', '3', 2147483647, 2147483647),
(91, 'Ac Associates', 'store', 'P.O. Box 565, 1578 Quisque Rd.', 2147483647, 'volutpat.nunc@mauris', 'quarterly', '5', 2147483647, 2147483647),
(92, 'Magna LLP', 'store', '102-5544 Dui, Rd.', 2055700758, 'felis@sitametconsect', 'weekly', '3', 2147483647, 2147483647),
(93, 'Euismod Enim Incorporated', 'store', '241-7569 Duis Road', 2147483647, 'lectus@eleifendnonda', 'quarterly', '6', 2147483647, 2147483647),
(94, 'Dictum Eu Placerat Industries', 'store', '8038 Sed Rd.', 2147483647, 'diam.nunc@sit.com', 'weekly', '7', 2147483647, 2147483647),
(95, 'In LLC', 'licensee', '5251 In Ave', 2147483647, 'vitae@a.edu', 'biweekly', '1', 2147483647, 2147483647),
(96, 'Luctus Et Ultrices Corp.', 'store', '633-1300 Consectetuer Ave', 1322204359, 'orci.quis.lectus@fam', 'quarterly', '3', 2147483647, 2147483647),
(97, 'Sem Egestas PC', 'store', '1611 Tempor St.', 2147483647, 'et.euismod.et@natoqu', 'weekly', '5', 2147483647, 2147483647),
(98, 'Odio Semper Corporation', 'store', '182-3902 Pede. Rd.', 2147483647, 'eros.Nam@nec.com', 'quarterly', '7', 2147483647, 2147483647),
(99, 'Massa PC', 'licensee', 'Ap #700-5074 Metus. Av.', 1898088774, 'sociosqu@temporarcuV', 'quarterly', '5', 2147483647, 1729451899),
(100, 'Nisi Magna Associates', 'store', '3388 Vulputate, Avenue', 2147483647, 'nec@esttempor.ca', 'biweekly', '6', 2147483647, 2147483647),
(101, 'Pede Limited', 'store', '275-5282 Ipsum. Rd.', 2147483647, 'commodo.hendrerit.Do', 'quarterly', '5', 2147483647, 2147483647),
(102, 'Congue Elit LLP', 'store', '920-6377 Fringilla St.', 2147483647, 'ipsum.dolor@Morbiqui', 'weekly', '7', 2147483647, 2147483647),
(103, 'Lacus Aliquam Rutrum Limited', 'licensee', '543 Cursus. St.', 2147483647, 'Mauris@natoquepenati', 'monthly', '5', 2147483647, 2147483647),
(104, 'Magna Sed Eu Corporation', 'licensee', 'Ap #919-3547 Et St.', 1461150718, 'dapibus.gravida.Aliq', 'biweekly', '1', 2147483647, 2147483647),
(105, 'Metus Industries', 'store', '201-5527 Elit, Rd.', 2147483647, 'magnis.dis.parturien', 'weekly', '3', 2147483647, 2147483647),
(106, 'Lorem Eu Ltd', 'licensee', '206-4270 Praesent Ave', 2147483647, 'tempor@dictumProineg', 'monthly', '3', 2147483647, 2147483647),
(107, 'Habitant Associates', 'store', '624-163 Aenean Ave', 2147483647, 'tempus.non@justonec.', 'monthly', '3', 2147483647, 2147483647),
(108, 'Ut Cursus Luctus PC', 'store', '306-4121 Nulla Avenue', 2147483647, 'dui.Fusce.aliquam@ve', 'monthly', '7', 2147483647, 2147483647),
(109, 'Non Cursus Limited', 'licensee', '300-6126 Pretium Rd.', 2147483647, 'Donec.at@telluseu.co', 'biweekly', '1', 2147483647, 2147483647),
(110, 'Mus Donec Company', 'licensee', '481-6743 Lobortis Av.', 2147483647, 'amet@dolorsit.net', 'monthly', '6', 2147483647, 2147483647),
(111, 'Ante Iaculis Nec LLP', 'licensee', 'Ap #427-7005 Dis St.', 2147483647, 'orci.consectetuer@Se', 'biweekly', '5', 2147483647, 2147483647),
(112, 'Ac Mattis Velit Foundation', 'store', 'P.O. Box 436, 3321 Viverra. St.', 1850926747, 'In.nec@dolorvitaedol', 'weekly', '7', 2147483647, 2147483647),
(113, 'Fusce Aliquet Corporation', 'store', '890-6891 Ultrices Av.', 2147483647, 'interdum.feugiat@con', 'monthly', '7', 2147483647, 2147483647),
(114, 'Mollis Duis LLP', 'licensee', 'P.O. Box 168, 5808 Diam St.', 192325123, 'Curae@augue.net', 'quarterly', '3', 2147483647, 2147483647),
(115, 'Elementum Sem Industries', 'licensee', '311-3839 Convallis Ave', 2147483647, 'dictum@urnaUt.edu', 'monthly', '7', 2147483647, 2147483647),
(116, 'Suspendisse Institute', 'store', '7058 Morbi Avenue', 2147483647, 'eu.elit@et.com', 'weekly', '2', 2147483647, 546939699),
(117, 'Faucibus Orci Luctus Incorpora', 'licensee', '8083 Ultrices Ave', 728990215, 'congue.elit.sed@urna', 'quarterly', '1', 2147483647, 2147483647),
(118, 'Ut Cursus Industries', 'licensee', 'P.O. Box 788, 8464 Dis Road', 2147483647, 'interdum.Sed@consect', 'quarterly', '1', 2147483647, 2147483647),
(119, 'Magna Phasellus Dolor Inc.', 'store', '8693 Fusce Street', 1821466090, 'malesuada.malesuada@', 'biweekly', '7', 2147483647, 2147483647),
(120, 'Phasellus At PC', 'store', '290-2553 Amet Street', 327428881, 'Integer.vitae.nibh@r', 'weekly', '4', 2147483647, 2147483647),
(121, 'Libero Proin Consulting', 'store', '5094 Augue Rd.', 2147483647, 'In.condimentum@pelle', 'quarterly', '3', 2147483647, 2147483647),
(122, 'Ipsum Dolor Incorporated', 'licensee', '2718 Id Road', 2147483647, 'congue.turpis.In@Mor', 'weekly', '3', 2147483647, 2147483647),
(123, 'Elit Aliquam LLP', 'store', '1955 Suspendisse Rd.', 2147483647, 'orci@malesuadavel.co', 'monthly', '4', 2147483647, 2147483647),
(124, 'Massa Company', 'licensee', '3845 Eu, Rd.', 2147483647, 'cursus.et.eros@sodal', 'biweekly', '3', 2147483647, 2147483647),
(125, 'Aliquam Fringilla Cursus PC', 'licensee', 'Ap #314-6551 Aliquam Avenue', 2147483647, 'luctus.aliquet.odio@', 'biweekly', '1', 2147483647, 2147483647),
(126, 'Sapien Ltd', 'licensee', '1520 Gravida Road', 2147483647, 'accumsan@Ut.net', 'monthly', '7', 2147483647, 2147483647),
(127, 'Parturient Montes Consulting', 'licensee', '362-2754 Et, Avenue', 2147483647, 'Donec.vitae.erat@met', 'quarterly', '5', 2147483647, 2147483647),
(128, 'Inceptos Associates', 'store', '3181 Nulla. St.', 1994963329, 'Donec.egestas@eleife', 'biweekly', '4', 2147483647, 2147483647),
(129, 'Volutpat Nunc Sit Corporation', 'store', 'Ap #154-2755 Pede. Rd.', 2147483647, 'Maecenas.ornare.eges', 'monthly', '7', 2147483647, 2147483647),
(130, 'Elit Ltd', 'licensee', '685-3710 Luctus St.', 2147483647, 'libero.lacus.varius@', 'weekly', '7', 2147483647, 2147483647),
(131, 'Quis Foundation', 'licensee', '6027 Ornare, Av.', 2147483647, 'vitae@tincidunt.edu', 'monthly', '7', 2147483647, 2147483647),
(132, 'Luctus Sit PC', 'licensee', 'Ap #369-9817 Feugiat St.', 2147483647, 'magna.a@justo.ca', 'weekly', '7', 2147483647, 2147483647),
(133, 'Ac Corp.', 'licensee', '821-5321 Et, St.', 2147483647, 'Curabitur.dictum@vel', 'monthly', '7', 2147483647, 2147483647),
(134, 'Nunc Laoreet Lectus LLP', 'store', '181-4081 Orci, Avenue', 2147483647, 'interdum.Nunc@molest', 'biweekly', '3', 2147483647, 2147483647),
(135, 'Varius Et Inc.', 'licensee', 'Ap #630-4940 Sed, St.', 1183433231, 'mauris.rhoncus.id@ru', 'weekly', '5', 2147483647, 2147483647),
(136, 'Vitae Erat Vivamus LLP', 'licensee', 'P.O. Box 885, 9642 Tempor Rd.', 2147483647, 'Curabitur@Sedegetlac', 'biweekly', '7', 2147483647, 2147483647),
(137, 'Orci Consulting', 'licensee', '7881 Nulla Road', 2147483647, 'nascetur@Vivamuseuis', 'biweekly', '4', 2147483647, 2147483647),
(138, 'Ac Inc.', 'store', 'P.O. Box 466, 4354 Dui Avenue', 2147483647, 'purus.accumsan.inter', 'quarterly', '4', 303697099, 2147483647),
(139, 'Faucibus Corporation', 'licensee', '717-3665 Gravida St.', 253660281, 'lectus.quis@urnaNunc', 'weekly', '5', 2147483647, 2147483647),
(140, 'Mauris LLC', 'store', 'Ap #410-6146 Rhoncus. St.', 2147483647, 'eu.lacus.Quisque@tel', 'quarterly', '2', 2147483647, 2147483647),
(141, 'Risus Varius Orci LLP', 'store', '3519 Amet Ave', 2147483647, 'ut.odio@nasceturridi', 'biweekly', '7', 2147483647, 2147483647),
(142, 'Feugiat Sed LLC', 'licensee', '713-6374 Suspendisse Road', 2147483647, 'blandit.viverra.Done', 'quarterly', '3', 2147483647, 2147483647),
(143, 'Ultrices Posuere Cubilia LLP', 'licensee', '281-9185 Eleifend, Street', 1183479792, 'luctus@doloregestasr', 'quarterly', '1', 2147483647, 2147483647),
(144, 'Duis A Associates', 'store', '838-9594 Tempor Rd.', 2147483647, 'aptent.taciti.socios', 'quarterly', '7', 2147483647, 2147483647),
(145, 'Quisque Ornare LLP', 'store', 'Ap #346-9134 In Ave', 2147483647, 'nec@Nunclaoreet.com', 'quarterly', '4', 2147483647, 2147483647),
(146, 'Donec Tincidunt Donec Incorpor', 'store', '793 Facilisis, St.', 1865632945, 'arcu@veliteget.co.uk', 'weekly', '3', 2147483647, 2147483647),
(147, 'Arcu Sed LLP', 'licensee', '675 Duis Rd.', 2147483647, 'Cras.dictum@eleifend', 'quarterly', '6', 2147483647, 2147483647),
(148, 'Sem Magna Nec Company', 'store', 'P.O. Box 874, 2993 Aenean Street', 2147483647, 'cursus.et@erat.com', 'monthly', '7', 2147483647, 2147483647),
(149, 'Eu Eros LLP', 'store', '952-6606 Tellus St.', 2147483647, 'est@InfaucibusMorbi.', 'monthly', '4', 2147483647, 2147483647),
(150, 'Lectus Quis Massa Inc.', 'licensee', 'P.O. Box 308, 9543 Eu Street', 2147483647, 'nulla.magna@interdum', 'quarterly', '6', 2147483647, 2147483647),
(151, 'Vivamus Ltd', 'licensee', '415-1949 Duis Rd.', 2147483647, 'ultricies.sem@vulput', 'monthly', '4', 2147483647, 2147483647),
(152, 'Vehicula Pellentesque Institut', 'store', '8966 Suspendisse Ave', 2147483647, 'ullamcorper.nisl@lor', 'weekly', '1', 2147483647, 2147483647),
(153, 'Aliquet Molestie Inc.', 'licensee', '1323 Curabitur Ave', 2147483647, 'egestas.a@etmagnisdi', 'quarterly', '5', 2147483647, 2147483647),
(154, 'Tellus Lorem Eu Corp.', 'store', '3210 A, Street', 2147483647, 'tempor.erat.neque@in', 'biweekly', '7', 2147483647, 2147483647),
(155, 'Ac Turpis Egestas LLC', 'licensee', 'Ap #660-9021 Lacinia St.', 2147483647, 'elit.Aliquam.auctor@', 'weekly', '2', 2147483647, 2147483647),
(156, 'Sem Pellentesque LLP', 'store', '610-7671 Quisque Av.', 1380052362, 'ligula.Aenean.gravid', 'monthly', '7', 2147483647, 2147483647),
(157, 'Vitae Erat Inc.', 'store', 'Ap #807-6793 Suspendisse Ave', 2147483647, 'dui.nec@risus.ca', 'weekly', '1', 2147483647, 2147483647),
(158, 'Lectus Corp.', 'licensee', 'Ap #322-9190 Rhoncus Av.', 2147483647, 'amet.luctus@justo.ca', 'biweekly', '2', 2147483647, 2147483647),
(159, 'Auctor Velit Eget Consulting', 'store', '377-5670 Erat Rd.', 2147483647, 'Cras@In.com', 'quarterly', '2', 2147483647, 2147483647),
(160, 'Ante Vivamus Associates', 'store', '1137 Vitae Av.', 858891962, 'dis.parturient@euism', 'monthly', '3', 2147483647, 2147483647),
(161, 'Vestibulum Industries', 'licensee', '966-8806 Tortor. Rd.', 2147483647, 'neque@sitamet.org', 'weekly', '6', 2147483647, 2147483647),
(162, 'Vitae Associates', 'store', 'P.O. Box 922, 164 Lacinia. Avenue', 1084828988, 'arcu@dapibus.co.uk', 'weekly', '3', 2147483647, 2147483647),
(163, 'Augue Ltd', 'store', '6784 Sit Road', 2147483647, 'ipsum.dolor@euodioPh', 'weekly', '6', 2147483647, 2147483647),
(164, 'Quam Corp.', 'licensee', '1769 Dictum Avenue', 2147483647, 'Nunc@ridiculus.edu', 'monthly', '2', 2147483647, 673251899),
(165, 'Nulla In Tincidunt Incorporate', 'store', '742-1664 Aliquam Street', 2147483647, 'scelerisque.sed.sapi', 'monthly', '1', 2147483647, 2147483647),
(166, 'Egestas Nunc Corp.', 'store', 'Ap #476-2300 Placerat St.', 2147483647, 'orci@necmauris.ca', 'monthly', '4', 2147483647, 2147483647),
(167, 'Sed Nec Institute', 'store', 'P.O. Box 971, 8382 Blandit Street', 2147483647, 'elit@Mauriseu.net', 'monthly', '2', 2147483647, 2147483647),
(168, 'Nulla Tempor Augue Inc.', 'licensee', 'Ap #864-3571 Est. Ave', 2147483647, 'Phasellus.libero@eni', 'quarterly', '7', 464321899, 2147483647),
(169, 'Sed Pharetra Felis Associates', 'licensee', '5048 Mauris Ave', 2147483647, 'egestas.rhoncus.Proi', 'weekly', '2', 2147483647, 2147483647),
(170, 'Imperdiet Non Vestibulum Corp.', 'licensee', '416-7594 Ac Av.', 2147483647, 'sed.dictum.eleifend@', 'quarterly', '7', 2147483647, 2147483647),
(171, 'Adipiscing Elit Inc.', 'store', '122-8239 Est Road', 2147483647, 'mi.ac@metussit.co.uk', 'quarterly', '4', 2147483647, 2147483647),
(172, 'Ultricies Dignissim Limited', 'licensee', 'P.O. Box 794, 2709 Ac Av.', 2147483647, 'eu@ullamcorpereueuis', 'quarterly', '5', 2147483647, 2147483647),
(173, 'Libero Morbi Corp.', 'licensee', 'Ap #593-5228 Ultricies Street', 2147483647, 'molestie@vestibulum.', 'biweekly', '2', 2147483647, 2147483647),
(174, 'Quisque Varius Nam Corp.', 'store', '9437 Eleifend, Rd.', 2147483647, 'augue.ac@seddolorFus', 'quarterly', '1', 2147483647, 2147483647),
(175, 'Nascetur Ridiculus Institute', 'licensee', '611-8655 Sodales. St.', 2147483647, 'facilisis.vitae@nequ', 'quarterly', '1', 2147483647, 2147483647),
(176, 'Nunc Commodo Auctor Limited', 'store', '4247 Lacus St.', 2147483647, 'quam@lorem.ca', 'quarterly', '1', 2147483647, 2147483647),
(177, 'Facilisis Facilisis Foundation', 'store', '152-7910 Tristique Ave', 2147483647, 'tristique@non.co.uk', 'biweekly', '3', 2147483647, 2147483647),
(178, 'Orci Consulting', 'store', 'Ap #486-5576 Scelerisque Av.', 2147483647, 'vel@telluslorem.net', 'biweekly', '2', 2147483647, 2147483647),
(179, 'Turpis Corp.', 'licensee', 'Ap #984-8805 Leo, Road', 2147483647, 'eu@Aeneanmassa.org', 'monthly', '7', 2147483647, 2147483647),
(180, 'Suscipit Est Corp.', 'store', 'Ap #781-4145 Ut, Avenue', 2147483647, 'Nam@fermentumferment', 'weekly', '7', 2147483647, 2147483647),
(181, 'Sed Turpis Institute', 'licensee', 'Ap #356-2127 Nonummy Street', 2147483647, 'ridiculus@magna.net', 'weekly', '1', 2147483647, 2147483647),
(182, 'Nec Enim Nunc Foundation', 'store', 'Ap #237-6728 Magna. St.', 701037818, 'vulputate@metusAenea', 'monthly', '2', 2147483647, 2147483647),
(183, 'Mollis Phasellus Company', 'licensee', '6496 Tristique Ave', 2147483647, 'Aenean@consequatauct', 'biweekly', '2', 2147483647, 2147483647),
(184, 'Orci Luctus Et PC', 'store', '174-9585 Suspendisse Ave', 2147483647, 'Etiam@ullamcorper.ca', 'weekly', '6', 2147483647, 2147483647),
(185, 'Etiam Gravida Molestie Consult', 'licensee', '891-8784 Nibh. Av.', 2147483647, 'et.rutrum.eu@Nuncqui', 'biweekly', '5', 2147483647, 2147483647),
(186, 'Consequat Lectus PC', 'store', 'P.O. Box 971, 6247 Sem Avenue', 2147483647, 'risus@dictum.org', 'biweekly', '7', 2147483647, 2147483647),
(187, 'Pellentesque Tincidunt Tempus ', 'licensee', 'Ap #970-7070 Amet, Rd.', 2147483647, 'et.netus.et@et.net', 'biweekly', '5', 2147483647, 2147483647),
(188, 'Nullam Scelerisque Ltd', 'store', 'Ap #250-952 Nisi. St.', 2147483647, 'pretium.et@liberoDon', 'biweekly', '7', 2147483647, 2147483647),
(189, 'Ullamcorper Duis Associates', 'store', '626-7217 Consectetuer Ave', 2147483647, 'elementum.dui.quis@s', 'quarterly', '3', 2147483647, 2147483647),
(190, 'Duis Ac Arcu Associates', 'store', 'Ap #708-5801 Erat Avenue', 2147483647, 'rutrum@at.ca', 'weekly', '5', 2147483647, 2147483647),
(191, 'Mauris Nulla Integer Industrie', 'licensee', '997-3076 Auctor Avenue', 838867999, 'eget.nisi@loremtrist', 'quarterly', '1', 2147483647, 2147483647),
(192, 'Vel Arcu Eu Ltd', 'licensee', 'Ap #179-7424 Nulla. Street', 2147483647, 'Proin.vel@idmollis.o', 'weekly', '1', 2147483647, 2147483647),
(193, 'Semper Dui Lectus Corp.', 'store', 'P.O. Box 349, 9691 Dui. St.', 2147483647, 'dictum@egestas.ca', 'quarterly', '5', 2147483647, 2147483647),
(194, 'Ligula Incorporated', 'store', '661-2633 Montes, Street', 2147483647, 'Nullam.nisl.Maecenas', 'quarterly', '7', 2147483647, 2147483647),
(195, 'Dui Ltd', 'licensee', '599-3496 Felis Road', 2147483647, 'neque.non@ipsum.org', 'quarterly', '6', 2147483647, 2147483647),
(196, 'Et Industries', 'licensee', '570-6249 Fames Road', 2147483647, 'blandit.enim.consequ', 'biweekly', '3', 2147483647, 2147483647),
(197, 'Eu Institute', 'store', 'P.O. Box 164, 4108 Ornare St.', 436853308, 'lorem.luctus@eunibh.', 'weekly', '6', 2147483647, 2147483647),
(198, 'Nunc Sit Amet Inc.', 'licensee', 'P.O. Box 962, 1834 Malesuada Street', 195802400, 'elit.pede@ataugue.ed', 'quarterly', '7', 2147483647, 2147483647),
(199, 'Vivamus Non Lorem Associates', 'store', 'P.O. Box 738, 571 Nullam Rd.', 2147483647, 'posuere.enim.nisl@ve', 'biweekly', '4', 2147483647, 2147483647),
(200, 'Duis Gravida Praesent PC', 'store', '1120 Placerat Ave', 2147483647, 'non@mattis.org', 'quarterly', '1', 2147483647, 2147483647),
(201, 'Penatibus Et Incorporated', 'licensee', 'Ap #924-1030 Nisl. Avenue', 2147483647, 'facilisis@tristiques', 'monthly', '1', 2147483647, 2147483647),
(202, 'Vestibulum Lorem Sit Associate', 'store', '3513 Vel Street', 2147483647, 'aliquet.diam.Sed@vit', 'quarterly', '5', 2147483647, 2147483647),
(203, 'Vitae Sodales Nisi Consulting', 'licensee', '6791 Orci Av.', 2147483647, 'sed.tortor.Integer@c', 'biweekly', '6', 2147483647, 2147483647),
(204, 'Nunc Associates', 'licensee', 'P.O. Box 346, 2602 Risus. Ave', 2147483647, 'pharetra.ut.pharetra', 'biweekly', '1', 2147483647, 2147483647),
(205, 'Nisi Sem LLC', 'licensee', '6096 Tortor Rd.', 2147483647, 'ut.eros.non@acarcu.c', 'quarterly', '1', 910433699, 2147483647),
(206, 'Pede Cum Sociis Corporation', 'licensee', '3244 Integer Rd.', 2147483647, 'malesuada.Integer@od', 'monthly', '3', 2147483647, 2147483647),
(207, 'Convallis Dolor Quisque Incorp', 'licensee', '841 Mattis Ave', 2147483647, 'mollis@Curabiturutod', 'monthly', '6', 2147483647, 2147483647),
(208, 'Ipsum Curabitur Consequat Indu', 'licensee', 'Ap #430-7954 Consectetuer Avenue', 2147483647, 'vel.est@parturientmo', 'quarterly', '3', 2147483647, 2147483647),
(209, 'Primis In Corp.', 'licensee', 'P.O. Box 929, 4199 Rhoncus. St.', 2147483647, 'Nunc.sed.orci@libero', 'weekly', '1', 2147483647, 2147483647),
(210, 'Vitae Purus Associates', 'store', '498-6562 Phasellus St.', 2147483647, 'non.magna.Nam@elemen', 'monthly', '1', 2147483647, 2147483647),
(211, 'Blandit Viverra Donec Incorpor', 'licensee', 'P.O. Box 623, 3080 Pellentesque Av.', 2147483647, 'faucibus.lectus@etru', 'biweekly', '2', 2147483647, 2147483647),
(212, 'Ante Ltd', 'store', 'Ap #622-3516 Tempor St.', 2147483647, 'bibendum.Donec.felis', 'weekly', '2', 2147483647, 2147483647),
(213, 'Nostra Company', 'licensee', '523-991 Et Avenue', 495331177, 'ut.lacus.Nulla@eleme', 'biweekly', '4', 2147483647, 2147483647),
(214, 'Congue Turpis Industries', 'licensee', 'Ap #494-6496 Ultrices Avenue', 343142492, 'risus.Donec@elit.net', 'weekly', '5', 2147483647, 2147483647),
(215, 'Eget LLC', 'licensee', '723-4280 Magna. Road', 68064230, 'non.lacinia.at@aclib', 'weekly', '3', 2147483647, 2147483647),
(216, 'Duis Sit Corp.', 'licensee', '6184 Ullamcorper. Avenue', 2147483647, 'natoque.penatibus@Cr', 'quarterly', '3', 2147483647, 2147483647),
(217, 'Dolor Associates', 'licensee', '6362 At, Avenue', 2147483647, 'elit.Etiam.laoreet@m', 'monthly', '6', 2147483647, 2147483647),
(218, 'Nunc Consulting', 'licensee', '978-7996 Dis Ave', 2147483647, 'neque.Nullam.nisl@eg', 'quarterly', '2', 2147483647, 2147483647),
(219, 'Nulla Institute', 'store', 'Ap #867-810 Integer St.', 1510808331, 'mauris.ut.mi@Utsagit', 'monthly', '3', 2147483647, 2147483647),
(220, 'Euismod In Dolor Consulting', 'store', 'P.O. Box 779, 1334 Enim Street', 2147483647, 'consectetuer@purusMa', 'monthly', '4', 2147483647, 2147483647),
(221, 'Augue Ut Lacus Industries', 'licensee', '6548 Nisi. Rd.', 812839683, 'montes.nascetur.ridi', 'biweekly', '1', 2147483647, 2147483647),
(222, 'Risus Incorporated', 'store', 'P.O. Box 689, 4068 Lacus, Road', 1407351965, 'Aliquam.ornare@estma', 'weekly', '2', 2147483647, 2147483647),
(223, 'Enim Ltd', 'licensee', '666-1024 Mi Road', 2147483647, 'euismod@conubianostr', 'biweekly', '4', 2147483647, 2147483647),
(224, 'Vivamus Institute', 'licensee', '2488 Egestas Rd.', 236176002, 'porttitor.tellus.non', 'biweekly', '6', 2147483647, 2147483647),
(225, 'Malesuada Corp.', 'store', '3814 Massa. St.', 2147483647, 'Proin.ultrices.Duis@', 'monthly', '5', 2147483647, 2147483647),
(226, 'Ut Odio LLC', 'licensee', '9688 Nisl. Ave', 2147483647, 'dictum.eleifend.nunc', 'weekly', '5', 2147483647, 2147483647),
(227, 'Eleifend LLP', 'store', 'Ap #335-510 Sit Rd.', 2147483647, 'ridiculus@nequeNulla', 'weekly', '1', 2147483647, 2147483647),
(228, 'Faucibus Institute', 'licensee', 'Ap #445-3921 Non St.', 2147483647, 'nascetur@Lorem.org', 'biweekly', '6', 2147483647, 2147483647),
(229, 'Proin Sed Turpis Corporation', 'licensee', 'P.O. Box 346, 9118 Natoque Road', 2147483647, 'tincidunt@ligulaAliq', 'biweekly', '2', 2147483647, 2147483647),
(230, 'Dis Parturient Montes LLC', 'store', '362-5999 Lorem Ave', 2147483647, 'non@ultrices.edu', 'biweekly', '1', 2147483647, 2147483647),
(231, 'Molestie Dapibus Ligula Corpor', 'licensee', '667-751 Fringilla St.', 2147483647, 'ipsum.nunc@semper.ne', 'biweekly', '1', 2147483647, 2147483647),
(232, 'Enim Company', 'licensee', 'Ap #914-7191 Mollis. St.', 2147483647, 'orci.Phasellus@Nulla', 'weekly', '2', 2147483647, 2147483647),
(233, 'Libero Et PC', 'store', '237 Cursus Rd.', 2147483647, 'dui@velit.com', 'weekly', '3', 2147483647, 2147483647),
(234, 'In Incorporated', 'licensee', 'P.O. Box 947, 1878 Amet, St.', 2147483647, 'In.ornare@eros.com', 'monthly', '5', 2147483647, 2147483647),
(235, 'Per Inceptos Associates', 'store', 'Ap #868-5463 Convallis Road', 2147483647, 'ipsum@maurisut.org', 'biweekly', '5', 2147483647, 2147483647),
(236, 'Auctor Limited', 'store', 'Ap #497-7560 Morbi Road', 2147483647, 'lectus@nibh.org', 'quarterly', '5', 2147483647, 2147483647),
(237, 'Mattis Ornare Lectus LLP', 'licensee', 'P.O. Box 335, 6888 A Av.', 1186254685, 'consectetuer.cursus@', 'weekly', '2', 2147483647, 2147483647),
(238, 'In Company', 'licensee', '808-633 Posuere Ave', 2147483647, 'parturient.montes.na', 'quarterly', '1', 2147483647, 2147483647),
(239, 'Vestibulum Lorem Sit Limited', 'store', 'P.O. Box 851, 2795 Erat. Street', 2147483647, 'parturient.montes@ti', 'weekly', '4', 2147483647, 2147483647),
(240, 'Nam Corporation', 'licensee', '7331 Mi St.', 2147483647, 'semper@pellentesque.', 'weekly', '3', 2147483647, 2147483647),
(241, 'Eget Massa Limited', 'store', '835-1779 Enim Avenue', 2147483647, 'lectus.sit.amet@sem.', 'quarterly', '7', 2147483647, 2147483647),
(242, 'Ornare Tortor At Limited', 'store', 'P.O. Box 974, 8863 Donec St.', 2076335012, 'aptent.taciti@tempor', 'weekly', '6', 2147483647, 2147483647),
(243, 'Sit Amet Risus Corporation', 'store', 'Ap #370-3021 Imperdiet Rd.', 693300230, 'a@pharetrasedhendrer', 'biweekly', '6', 2147483647, 2147483647),
(244, 'Orci Ut Incorporated', 'licensee', 'P.O. Box 247, 9525 Faucibus. St.', 1110468328, 'enim.diam@nuncsed.ne', 'weekly', '5', 2147483647, 2147483647),
(245, 'Hendrerit Donec Porttitor Asso', 'store', '6564 Orci, Rd.', 2147483647, 'facilisis.lorem@urna', 'biweekly', '2', 2147483647, 2147483647),
(246, 'Lectus Rutrum Urna Incorporate', 'licensee', '9102 Sem Rd.', 2147483647, 'laoreet.libero@egest', 'biweekly', '1', 2147483647, 2147483647),
(247, 'Consequat Incorporated', 'store', 'P.O. Box 842, 1754 Viverra. Rd.', 2147483647, 'ligula.Nullam@lobort', 'weekly', '3', 2147483647, 2147483647),
(248, 'Montes Company', 'store', '120-8246 Egestas. Road', 82759029, 'Nulla.aliquet.Proin@', 'quarterly', '1', 2147483647, 2147483647),
(249, 'Eu Placerat Limited', 'store', '7657 Curae; Rd.', 2147483647, 'mattis.Integer.eu@li', 'weekly', '1', 2147483647, 2147483647),
(250, 'Ipsum Associates', 'store', '309-4113 Mauris St.', 2147483647, 'in@velit.net', 'biweekly', '6', 2147483647, 2147483647),
(251, 'A Foundation', 'store', '7613 Elementum, Av.', 2147483647, 'ultrices.posuere.cub', 'monthly', '7', 2147483647, 2147483647),
(252, 'Non Egestas PC', 'licensee', 'Ap #605-3987 In Road', 2147483647, 'sit.amet@acfacilisis', 'monthly', '1', 2147483647, 2147483647),
(253, 'Fringilla Donec Corp.', 'store', '703 Dolor Road', 2147483647, 'pede@Pellentesqueult', 'biweekly', '3', 2147483647, 2147483647),
(254, 'Facilisi Sed Neque Incorporate', 'licensee', 'Ap #862-4188 Dictum Rd.', 2147483647, 'Quisque@dictumplacer', 'quarterly', '5', 2147483647, 2147483647),
(255, 'Ligula Limited', 'licensee', '380-7371 Leo St.', 164307308, 'non.arcu.Vivamus@ris', 'biweekly', '1', 2147483647, 2147483647),
(256, 'Fermentum Fermentum Consulting', 'store', '495 Cras Ave', 2147483647, 'auctor@leoelementum.', 'monthly', '6', 2147483647, 2147483647),
(257, 'Amet Metus Aliquam Industries', 'licensee', 'P.O. Box 167, 397 Suspendisse Av.', 2147483647, 'egestas@atrisus.co.u', 'monthly', '7', 2147483647, 2147483647),
(258, 'Integer Vulputate Risus Corpor', 'store', 'P.O. Box 816, 2220 Mollis St.', 2147483647, 'consequat.nec@utquam', 'biweekly', '5', 2147483647, 2147483647),
(259, 'Et Magnis Dis LLP', 'store', '815-5452 Amet Avenue', 2147483647, 'Donec.sollicitudin.a', 'weekly', '6', 2147483647, 2147483647),
(260, 'Nec Mollis Vitae Foundation', 'store', '927-389 Dolor, Av.', 2147483647, 'cursus@Proinmi.com', 'biweekly', '4', 2147483647, 2147483647),
(261, 'Tempor Erat Neque Limited', 'licensee', '5814 Curabitur St.', 2147483647, 'placerat@Proinvel.ne', 'biweekly', '4', 2147483647, 2147483647),
(262, 'Tempus Limited', 'store', '278-9283 Velit. St.', 2147483647, 'ullamcorper.Duis@tin', 'quarterly', '1', 2147483647, 2147483647),
(263, 'Pellentesque Tellus Sem Incorp', 'store', 'P.O. Box 207, 7833 Tellus Street', 1130386584, 'odio.sagittis@vulput', 'quarterly', '4', 2147483647, 2147483647),
(264, 'Eu Turpis Nulla Institute', 'store', '4622 Sit St.', 900959082, 'neque.venenatis.lacu', 'weekly', '7', 2147483647, 2147483647),
(265, 'Sem Eget Massa Institute', 'store', 'P.O. Box 504, 4377 Mus. St.', 2147483647, 'sollicitudin.commodo', 'quarterly', '2', 2147483647, 2147483647),
(266, 'Morbi LLC', 'licensee', 'Ap #993-8827 Sed Avenue', 2043166681, 'dis.parturient@neque', 'biweekly', '6', 2147483647, 2147483647),
(267, 'Pellentesque Tincidunt Institu', 'store', '248 Sit St.', 1735616872, 'libero@Aliquam.co.uk', 'quarterly', '6', 2147483647, 2147483647),
(268, 'Urna Nec Limited', 'licensee', '6877 Gravida. Road', 2147483647, 'arcu.imperdiet@mi.co', 'weekly', '3', 2147483647, 2147483647),
(269, 'Natoque Penatibus Corp.', 'store', '823-4425 Aenean St.', 2147483647, 'non.hendrerit@vel.co', 'biweekly', '3', 2147483647, 654945699),
(270, 'Facilisis Facilisis Magna Foun', 'store', '468-980 Nibh. St.', 499644202, 'orci.sem.eget@quispe', 'biweekly', '1', 2147483647, 2147483647),
(271, 'Elit LLC', 'store', '234-4221 Eget, Street', 1870463852, 'porttitor@vulputatee', 'monthly', '3', 2147483647, 2147483647),
(272, 'Sed Id LLP', 'store', '981-8644 Nunc St.', 2147483647, 'ac@neque.com', 'weekly', '7', 2147483647, 2147483647),
(273, 'Eget Mollis Lectus PC', 'licensee', 'Ap #899-1800 In St.', 2147483647, 'justo.eu@temporarcu.', 'monthly', '3', 2147483647, 2147483647),
(274, 'Libero Inc.', 'store', '563-1619 Bibendum Road', 2147483647, 'ante.Maecenas.mi@sed', 'quarterly', '7', 2147483647, 2147483647),
(275, 'Netus Et Malesuada Industries', 'store', '549-6078 Lobortis Av.', 2147483647, 'semper.erat@gravidas', 'quarterly', '6', 2147483647, 2147483647),
(276, 'Nonummy Corporation', 'store', 'P.O. Box 287, 695 Augue Road', 1368205089, 'sapien.Cras@aodiosem', 'quarterly', '6', 2147483647, 2147483647),
(277, 'Duis Volutpat Nunc Foundation', 'store', '805-8960 Ligula. Avenue', 2147483647, 'Nulla.tincidunt@just', 'quarterly', '3', 2147483647, 2147483647),
(278, 'Posuere Enim Institute', 'licensee', '639-9401 Eget, Ave', 2147483647, 'amet.consectetuer@co', 'biweekly', '3', 2147483647, 2147483647),
(279, 'Turpis Aliquam PC', 'licensee', '9216 Quisque Street', 2147483647, 'auctor.non.feugiat@m', 'monthly', '4', 2147483647, 2147483647),
(280, 'Risus Odio Industries', 'store', '179-4084 Enim Avenue', 1366310981, 'Vestibulum@aliquamen', 'weekly', '5', 2147483647, 2147483647),
(281, 'Ac Arcu Industries', 'licensee', '7915 Est Ave', 915628825, 'quis@nonsollicitudin', 'monthly', '6', 2147483647, 2147483647),
(282, 'Est Ac LLC', 'licensee', '527-8597 Rutrum Avenue', 326054925, 'ad.litora.torquent@f', 'monthly', '2', 2147483647, 2147483647),
(283, 'In Incorporated', 'store', 'P.O. Box 570, 6569 Lorem Av.', 2147483647, 'in@fringillaporttito', 'biweekly', '7', 2147483647, 2147483647),
(284, 'Accumsan Neque Et Consulting', 'store', 'Ap #527-8454 Massa. Rd.', 2147483647, 'lorem@nec.co.uk', 'biweekly', '2', 2147483647, 2147483647),
(285, 'Elit Fermentum LLP', 'store', 'Ap #377-6058 Amet, St.', 1116461583, 'erat.volutpat@atiacu', 'monthly', '5', 2147483647, 2147483647),
(286, 'Fusce Aliquam Associates', 'store', '2645 At, Ave', 234505967, 'Sed.neque@a.org', 'biweekly', '3', 2147483647, 2147483647),
(287, 'Non Massa PC', 'store', '4098 Sapien, St.', 2147483647, 'dictum.cursus.Nunc@N', 'biweekly', '1', 2147483647, 2147483647),
(288, 'Posuere Cubilia Consulting', 'licensee', 'Ap #422-7998 Gravida. Road', 2147483647, 'ante@ut.co.uk', 'monthly', '1', 2147483647, 2147483647),
(289, 'Nascetur Institute', 'licensee', 'Ap #512-3340 Commodo Rd.', 2147483647, 'dictum@at.co.uk', 'monthly', '3', 2147483647, 2147483647),
(290, 'Eget Odio Aliquam LLC', 'licensee', 'Ap #236-2521 Porttitor St.', 2147483647, 'fringilla@mus.com', 'quarterly', '1', 2147483647, 2147483647),
(291, 'Phasellus Ornare Institute', 'licensee', '6257 Semper Rd.', 2147483647, 'enim.nec.tempus@null', 'monthly', '5', 2147483647, 2147483647),
(292, 'Lorem Auctor Consulting', 'store', 'P.O. Box 588, 5800 Sed Street', 2147483647, 'id.libero@lobortis.c', 'weekly', '5', 2147483647, 2147483647),
(293, 'Nunc Sollicitudin Commodo Cons', 'store', '572-8470 Orci. Ave', 2147483647, 'Phasellus@placeratve', 'quarterly', '2', 2147483647, 2147483647),
(294, 'Orci Corporation', 'store', 'P.O. Box 257, 6243 Odio, Avenue', 1467762420, 'iaculis@laoreetliber', 'monthly', '5', 2147483647, 2147483647),
(295, 'Vivamus Nisi Mauris Corp.', 'licensee', 'P.O. Box 380, 9632 Vitae Rd.', 2147483647, 'id.ante@dui.ca', 'monthly', '5', 2147483647, 2147483647),
(296, 'Elit Curabitur Industries', 'licensee', 'P.O. Box 615, 1584 Convallis Road', 2147483647, 'magna.malesuada.vel@', 'monthly', '2', 2147483647, 2147483647),
(297, 'Ornare Lectus Consulting', 'licensee', 'P.O. Box 942, 2100 Sit Av.', 2147483647, 'Etiam.laoreet.libero', 'biweekly', '5', 2147483647, 2147483647),
(298, 'Consectetuer Mauris LLP', 'store', '2617 Tellus. Rd.', 2147483647, 'fringilla.est@quam.o', 'biweekly', '4', 2147483647, 2147483647),
(299, 'Dolor Vitae Company', 'store', 'P.O. Box 971, 4083 Risus. Av.', 2147483647, 'dolor.dapibus.gravid', 'biweekly', '2', 2147483647, 2147483647),
(300, 'Egestas A Dui LLC', 'licensee', 'Ap #134-4182 Amet, St.', 2147483647, 'blandit.congue.In@ac', 'biweekly', '5', 2147483647, 2147483647),
(301, 'Lorem LLP', 'licensee', '4296 Tellus. Av.', 2147483647, 'quis.diam.Pellentesq', 'biweekly', '2', 2147483647, 2147483647),
(302, 'Arcu Morbi LLC', 'store', 'Ap #722-802 Eu Ave', 2147483647, 'egestas.rhoncus@euel', 'quarterly', '2', 2147483647, 2147483647),
(303, 'Sagittis Duis Ltd', 'store', 'P.O. Box 763, 3737 Adipiscing. St.', 2147483647, 'Vivamus.nibh.dolor@e', 'monthly', '6', 2147483647, 2147483647),
(304, 'Ante Ipsum Primis Institute', 'licensee', 'Ap #914-2090 Sed, Rd.', 2147483647, 'eu.ligula.Aenean@dap', 'quarterly', '4', 2147483647, 2147483647),
(305, 'Posuere Cubilia Consulting', 'store', '437-6216 Id Av.', 2147483647, 'ac.orci@luctusCurabi', 'monthly', '3', 2147483647, 2147483647),
(306, 'Convallis Corp.', 'store', 'Ap #674-5587 Semper Rd.', 2147483647, 'semper.erat.in@metus', 'biweekly', '7', 2147483647, 2147483647),
(307, 'At Pretium Aliquet Consulting', 'store', 'Ap #971-5450 Ipsum Av.', 832748697, 'purus.ac.tellus@Maec', 'monthly', '4', 2147483647, 2147483647),
(308, 'Bibendum Fermentum Institute', 'licensee', 'Ap #695-1200 Ultrices Ave', 153110467, 'ornare.placerat@euis', 'quarterly', '3', 2147483647, 2147483647),
(309, 'Sodales Purus PC', 'licensee', '2934 Elit. Rd.', 1910587776, 'eget@nec.ca', 'monthly', '1', 2147483647, 2147483647),
(310, 'Risus Nunc Ac PC', 'store', 'Ap #308-8892 Blandit Av.', 2147483647, 'tortor.Integer.aliqu', 'monthly', '2', 2147483647, 2147483647),
(311, 'Amet Consectetuer Adipiscing C', 'store', '4834 Scelerisque Av.', 2147483647, 'at.pede.Cras@velmaur', 'quarterly', '1', 2147483647, 2147483647),
(312, 'Ridiculus Mus Company', 'store', 'P.O. Box 839, 9584 Semper Av.', 1600832571, 'consectetuer.adipisc', 'monthly', '3', 2147483647, 2147483647),
(313, 'Dictum Phasellus Foundation', 'licensee', '399-3897 Cursus St.', 2147483647, 'ipsum@nonummyutmoles', 'weekly', '6', 2147483647, 2147483647),
(314, 'Eget Corp.', 'store', 'Ap #527-9858 Vel Street', 1254361043, 'orci.luctus@orci.com', 'weekly', '3', 2147483647, 2147483647),
(315, 'In Mi PC', 'store', 'P.O. Box 738, 6149 At St.', 33800424, 'non.cursus.non@metus', 'quarterly', '6', 2147483647, 276358799),
(316, 'Id Sapien Cras Institute', 'store', 'P.O. Box 711, 4479 Sed Rd.', 762043817, 'sodales@purussapien.', 'weekly', '5', 2147483647, 2147483647),
(317, 'At Auctor Industries', 'store', '592-2083 Donec Street', 997326480, 'Proin.velit.Sed@orci', 'quarterly', '1', 2147483647, 2147483647),
(318, 'Tincidunt Orci Industries', 'store', '3586 Volutpat St.', 2147483647, 'Vivamus@Curabiturvel', 'quarterly', '5', 2147483647, 2147483647),
(319, 'Eu Elit Nulla LLC', 'licensee', '9981 Curabitur St.', 2147483647, 'Suspendisse.aliquet.', 'biweekly', '6', 2147483647, 2147483647),
(320, 'Mattis Consulting', 'store', 'Ap #545-8496 Felis St.', 2147483647, 'sed@scelerisqueneque', 'biweekly', '2', 2147483647, 2147483647),
(321, 'Magna A Neque Inc.', 'store', '328-5901 Augue Street', 2147483647, 'cubilia.Curae.Phasel', 'weekly', '2', 2147483647, 2147483647),
(322, 'Feugiat Sed LLC', 'licensee', '524-6264 At St.', 900463831, 'consectetuer.ipsum.n', 'monthly', '5', 2147483647, 2147483647),
(323, 'Proin Limited', 'licensee', '785-8996 Pede, Rd.', 2147483647, 'est.mollis.non@fauci', 'monthly', '5', 2147483647, 2147483647),
(324, 'Mauris Limited', 'licensee', '4822 Dictum Av.', 2147483647, 'aliquet.vel@ullamcor', 'biweekly', '5', 2147483647, 2147483647),
(325, 'Et Lacinia Vitae Consulting', 'licensee', '833-2159 Orci. St.', 2147483647, 'mauris@ametanteVivam', 'quarterly', '5', 2147483647, 2147483647),
(326, 'Donec Inc.', 'licensee', '1877 Nec, St.', 1130703015, 'vitae@nunc.co.uk', 'quarterly', '7', 2147483647, 2147483647),
(327, 'Nibh Phasellus Foundation', 'licensee', '999 Eu, Rd.', 2147483647, 'quis.diam.Pellentesq', 'monthly', '5', 658277899, 2147483647),
(328, 'Enim Curabitur Massa Corp.', 'store', 'Ap #252-8922 Integer St.', 2147483647, 'ullamcorper.Duis.cur', 'weekly', '6', 2147483647, 2147483647),
(329, 'Eu Nibh Vulputate PC', 'licensee', '571-4085 Sapien. Road', 2147483647, 'dui.Cras.pellentesqu', 'weekly', '2', 2147483647, 2147483647),
(330, 'Nullam LLC', 'licensee', '5672 Laoreet Av.', 2147483647, 'inceptos.hymenaeos.M', 'weekly', '6', 2147483647, 2147483647),
(331, 'Metus Aliquam Industries', 'licensee', '143-186 Consectetuer Rd.', 2147483647, 'orci.lacus.vestibulu', 'weekly', '2', 2147483647, 1284397999),
(332, 'Scelerisque Lorem Foundation', 'store', '6513 Phasellus Rd.', 2147483647, 'Proin.sed@dolor.co.u', 'quarterly', '7', 2147483647, 2147483647),
(333, 'Proin Mi Consulting', 'licensee', 'Ap #334-1655 Dui, Avenue', 2147483647, 'dapibus@lobortis.ca', 'biweekly', '1', 2147483647, 2147483647),
(334, 'Iaculis Foundation', 'licensee', 'P.O. Box 190, 4766 Aliquam Rd.', 2147483647, 'et@est.co.uk', 'weekly', '1', 2147483647, 2147483647),
(335, 'Facilisis Non Bibendum Consult', 'licensee', '4178 Rutrum Street', 2029427582, 'purus.Maecenas@Aenea', 'biweekly', '1', 2147483647, 2147483647),
(336, 'Rutrum Limited', 'store', '884 Enim. St.', 2147483647, 'est.Mauris.eu@rhoncu', 'monthly', '1', 2147483647, 2147483647),
(337, 'Mauris Suspendisse Aliquet Cor', 'licensee', 'Ap #474-9637 Natoque Rd.', 935673143, 'dictum.ultricies.lig', 'monthly', '5', 2147483647, 2147483647),
(338, 'In Nec Incorporated', 'licensee', '578-7543 Erat Rd.', 2147483647, 'sit@Quisque.com', 'weekly', '3', 2147483647, 2147483647),
(339, 'Eros Limited', 'store', 'Ap #851-5494 Mi, Avenue', 1153311423, 'Aenean@nullaInteger.', 'quarterly', '1', 2147483647, 2147483647),
(340, 'Lorem Fringilla Ornare Institu', 'store', 'P.O. Box 732, 7307 Dictum Road', 660330718, 'vulputate.dui.nec@ti', 'biweekly', '6', 2147483647, 2147483647),
(341, 'Et Libero Inc.', 'licensee', '196-4174 Fringilla. Avenue', 587550762, 'Duis.ac@malesuadafam', 'quarterly', '7', 2147483647, 2147483647),
(342, 'Magna Phasellus Consulting', 'store', '3419 Mauris Rd.', 2147483647, 'neque.et.nunc@ultric', 'biweekly', '1', 2147483647, 2147483647),
(343, 'Laoreet Ipsum PC', 'store', '8699 Interdum Rd.', 2147483647, 'eget.metus.In@aaucto', 'monthly', '7', 2147483647, 2147483647),
(344, 'Odio Etiam Ligula LLC', 'store', 'P.O. Box 542, 1935 Ligula Street', 2147483647, 'lectus.pede.ultrices', 'weekly', '3', 2147483647, 2147483647),
(345, 'Duis Inc.', 'store', 'P.O. Box 678, 977 Interdum St.', 2147483647, 'dis.parturient@Nulla', 'monthly', '5', 2147483647, 2147483647),
(346, 'Ac Metus Vitae PC', 'licensee', 'Ap #409-1111 In Road', 2147483647, 'turpis.vitae.purus@u', 'biweekly', '1', 2147483647, 2147483647),
(347, 'Quisque Associates', 'store', '1043 Adipiscing. St.', 2147483647, 'Sed.auctor.odio@sagi', 'quarterly', '4', 2147483647, 2147483647),
(348, 'Sit Limited', 'licensee', '161-4154 At Road', 1467313074, 'pede@faucibusut.net', 'quarterly', '5', 2147483647, 2147483647),
(349, 'Id Ltd', 'store', 'P.O. Box 733, 6444 In Rd.', 2147483647, 'at@diam.com', 'weekly', '3', 2147483647, 2147483647),
(350, 'Dolor Sit LLP', 'licensee', '900 Tincidunt Street', 396080325, 'vel.arcu@ascelerisqu', 'quarterly', '2', 2147483647, 2147483647),
(351, 'Consequat Company', 'licensee', 'P.O. Box 498, 5332 Imperdiet Street', 2147483647, 'quam.vel.sapien@nece', 'biweekly', '2', 2147483647, 2147483647),
(352, 'Commodo Auctor LLC', 'store', '1542 Ac, Rd.', 2147483647, 'mollis.lectus@Quisqu', 'weekly', '5', 2147483647, 2147483647),
(353, 'Sem Nulla Company', 'store', '1153 Purus, St.', 1900493295, 'Phasellus.elit@nuncn', 'quarterly', '2', 2147483647, 2147483647),
(354, 'Scelerisque Mollis Phasellus L', 'store', '450-6823 Montes, St.', 2147483647, 'Aenean.gravida.nunc@', 'weekly', '6', 2147483647, 2147483647),
(355, 'Molestie Inc.', 'store', '686-9283 Magna. Rd.', 2147483647, 'placerat.eget.venena', 'weekly', '4', 2147483647, 2147483647),
(356, 'Urna Nunc Quis Ltd', 'store', 'Ap #511-4303 Consectetuer Rd.', 2147483647, 'tellus@eratSednunc.o', 'biweekly', '2', 2147483647, 2147483647),
(357, 'Sed Corporation', 'licensee', 'Ap #399-2143 Leo. Rd.', 902925961, 'ligula.Nullam.enim@g', 'quarterly', '7', 2147483647, 2147483647);
INSERT INTO `customer` (`id`, `name`, `type`, `address`, `phone`, `email`, `delivery_freq`, `delivery_day`, `beer_store_no`, `lcbo_store_no`) VALUES
(358, 'Aliquet LLP', 'store', 'Ap #546-2792 Vel Road', 2147483647, 'pellentesque.Sed.dic', 'quarterly', '2', 2147483647, 2147483647),
(359, 'Integer Ltd', 'licensee', 'P.O. Box 982, 3159 Mi Avenue', 2147483647, 'dictum.mi@Fuscealiqu', 'biweekly', '4', 2147483647, 2147483647),
(360, 'Cras Ltd', 'store', '9559 Consectetuer Ave', 1506962779, 'eu.neque@asollicitud', 'monthly', '3', 2147483647, 2147483647),
(361, 'Lectus Ante Dictum Ltd', 'licensee', '815 Urna Ave', 2147483647, 'aliquet.Phasellus.fe', 'monthly', '5', 2147483647, 2147483647),
(362, 'Suscipit LLC', 'store', 'Ap #835-4720 A St.', 2147483647, 'at@vitaerisus.ca', 'monthly', '5', 2147483647, 2147483647),
(363, 'Donec Est Mauris Institute', 'store', '7885 Proin Street', 2147483647, 'magna@tellusNunc.ca', 'monthly', '2', 2147483647, 2147483647),
(364, 'Eros Nam Limited', 'store', '520-6818 Sed Road', 2147483647, 'mi.enim@Proin.co.uk', 'weekly', '2', 2147483647, 2147483647),
(365, 'Eu Dui Cum LLP', 'licensee', 'P.O. Box 408, 8983 Nam Avenue', 2147483647, 'neque.Nullam.nisl@in', 'biweekly', '4', 2147483647, 2147483647),
(366, 'Nunc Quis Arcu Inc.', 'store', '139-1914 Ullamcorper. Ave', 2147483647, 'accumsan.sed.facilis', 'biweekly', '1', 2147483647, 2147483647),
(367, 'Donec Industries', 'store', '2117 Dui Rd.', 2147483647, 'dui@tincidunt.edu', 'monthly', '6', 2147483647, 2147483647),
(368, 'Risus Quis Ltd', 'licensee', 'Ap #958-6901 Convallis Rd.', 720114865, 'eu.nibh.vulputate@du', 'quarterly', '1', 2147483647, 2147483647),
(369, 'At Pede Cras Limited', 'store', '4518 Eros. Road', 2137753553, 'Aenean@tortorNunccom', 'weekly', '7', 2147483647, 2147483647),
(370, 'Nunc Ac Inc.', 'store', 'P.O. Box 674, 5685 Vulputate Rd.', 2147483647, 'adipiscing.Mauris@nu', 'quarterly', '6', 2147483647, 2147483647),
(371, 'Nec Consulting', 'licensee', 'P.O. Box 184, 6030 Consectetuer Avenue', 2147483647, 'Donec@sedpedenec.org', 'quarterly', '5', 2147483647, 2147483647),
(372, 'Magna Company', 'store', '1474 Facilisi. St.', 2147483647, 'magnis@in.net', 'monthly', '5', 2147483647, 2147483647),
(373, 'Magna Ut Consulting', 'licensee', 'P.O. Box 136, 4007 Quis St.', 2147483647, 'vel.arcu@miDuis.co.u', 'biweekly', '7', 2147483647, 2147483647),
(374, 'Lobortis Risus In Corp.', 'store', '8278 Eu, Avenue', 2147483647, 'aliquet.metus@vestib', 'monthly', '6', 2147483647, 2147483647),
(375, 'Mus Proin Corporation', 'store', '9218 Ipsum Rd.', 2005125667, 'non.egestas.a@lobort', 'biweekly', '1', 2147483647, 2147483647),
(376, 'Sit Incorporated', 'licensee', 'Ap #223-5362 Lacinia Av.', 2147483647, 'natoque.penatibus.et', 'biweekly', '2', 2147483647, 2147483647),
(377, 'Et Magnis Dis PC', 'licensee', 'P.O. Box 641, 207 Tortor. Avenue', 2147483647, 'molestie.tortor@elei', 'weekly', '6', 2147483647, 2147483647),
(378, 'Tempus Lorem Company', 'licensee', '790-4192 Phasellus Avenue', 2147483647, 'ut@inaliquet.edu', 'quarterly', '1', 2147483647, 2147483647),
(379, 'Et Euismod Inc.', 'licensee', '3882 Elit. Street', 2147483647, 'faucibus@velpedeblan', 'quarterly', '6', 2147483647, 2147483647),
(380, 'Orci In Associates', 'store', '2985 Aliquam St.', 2147483647, 'amet.faucibus.ut@rut', 'monthly', '6', 2147483647, 2147483647),
(381, 'Odio Consulting', 'licensee', 'P.O. Box 371, 1613 Urna. Street', 2147483647, 'nisi@tellus.net', 'monthly', '6', 2147483647, 2147483647),
(382, 'Donec Felis Orci Ltd', 'licensee', 'P.O. Box 920, 1439 Euismod St.', 2147483647, 'id.mollis.nec@ridicu', 'weekly', '6', 2147483647, 2147483647),
(383, 'Nibh Enim Gravida Consulting', 'store', '1076 Nunc Avenue', 2147483647, 'consectetuer.adipisc', 'biweekly', '6', 2147483647, 2147483647),
(384, 'Nullam Ut Inc.', 'store', 'Ap #372-7094 Lacus. Road', 2147483647, 'fringilla.purus.maur', 'monthly', '5', 2147483647, 2147483647),
(385, 'Ante Blandit Industries', 'licensee', 'Ap #493-7975 Luctus Ave', 2147483647, 'Integer.aliquam@Null', 'biweekly', '1', 2147483647, 2147483647),
(386, 'Ad Ltd', 'licensee', '6492 Integer Street', 2147483647, 'Donec.tincidunt@Done', 'quarterly', '5', 2147483647, 2147483647),
(387, 'Lacinia Vitae Consulting', 'store', '799-6531 Cras Rd.', 1846510274, 'Nunc.ut@vulputate.co', 'quarterly', '6', 2147483647, 2147483647),
(388, 'Semper Nam Tempor PC', 'licensee', '5552 Dis Rd.', 2147483647, 'dolor.nonummy.ac@Sed', 'quarterly', '4', 2147483647, 2147483647),
(389, 'Aliquam Ltd', 'store', '9439 Aliquam Avenue', 2147483647, 'ipsum.ac@adipiscing.', 'biweekly', '7', 2147483647, 2147483647),
(390, 'A Aliquet Ltd', 'store', 'Ap #826-1147 Semper Av.', 2147483647, 'blandit.viverra.Done', 'quarterly', '6', 2147483647, 2147483647),
(391, 'Aliquam Erat Industries', 'licensee', 'P.O. Box 126, 544 Mus. Rd.', 2147483647, 'pede.malesuada.vel@a', 'quarterly', '2', 2147483647, 2147483647),
(392, 'Morbi Incorporated', 'licensee', '980-7164 Diam Rd.', 2147483647, 'sit.amet@semper.ca', 'biweekly', '1', 2147483647, 2147483647),
(393, 'Ac Limited', 'store', 'Ap #639-1987 Lobortis. Avenue', 2147483647, 'nibh.sit@tristique.o', 'quarterly', '4', 2147483647, 2147483647),
(394, 'Malesuada Id Erat Corporation', 'store', 'Ap #246-2375 Sit Rd.', 2147483647, 'tincidunt.vehicula.r', 'weekly', '3', 2147483647, 2147483647),
(395, 'In Limited', 'store', 'Ap #516-6612 Orci Street', 2147483647, 'dolor.Fusce.mi@Aliqu', 'weekly', '2', 1991578699, 2147483647),
(396, 'Consectetuer Institute', 'licensee', 'P.O. Box 169, 9138 Amet Street', 1545508958, 'ac@maurisanunc.ca', 'weekly', '1', 2147483647, 2147483647),
(397, 'Elit Company', 'licensee', 'Ap #667-6843 Nunc Rd.', 2147483647, 'Donec.est.mauris@sce', 'biweekly', '2', 1384860599, 2147483647),
(398, 'Orci Phasellus Dapibus Inc.', 'store', '781-339 Mi, St.', 2147483647, 'consequat.lectus@Nul', 'monthly', '5', 2147483647, 2147483647),
(399, 'Velit Aliquam Associates', 'licensee', 'P.O. Box 157, 6885 Mattis Av.', 2147483647, 'odio@nequeMorbiquis.', 'monthly', '7', 2147483647, 2147483647),
(400, 'Lorem Semper LLC', 'licensee', '613-6821 Lorem Road', 2147483647, 'Sed.eget@sapienmoles', 'weekly', '5', 2147483647, 2147483647),
(401, 'Erat Eget LLP', 'licensee', '8900 Blandit Ave', 1056273198, 'lacus@luctusCurabitu', 'quarterly', '6', 2147483647, 2147483647),
(402, 'Ut Company', 'licensee', 'Ap #988-6881 Dolor, Street', 2147483647, 'elit@ullamcorpernisl', 'monthly', '5', 2147483647, 2147483647),
(403, 'Massa Mauris Industries', 'store', '192-1623 Consectetuer Avenue', 2049933584, 'adipiscing.enim.mi@D', 'weekly', '6', 2147483647, 2147483647),
(404, 'At Iaculis Quis Incorporated', 'licensee', 'Ap #879-6052 Elementum, St.', 1649745983, 'Proin.dolor.Nulla@li', 'weekly', '5', 2147483647, 2147483647),
(405, 'Praesent Luctus Curabitur LLC', 'licensee', '844-7079 Cras Avenue', 2147483647, 'placerat.Cras.dictum', 'monthly', '2', 2147483647, 2147483647),
(406, 'Ipsum Dolor Company', 'store', 'Ap #777-6281 Pellentesque Av.', 2147483647, 'Lorem.ipsum.dolor@ne', 'weekly', '4', 2147483647, 2147483647),
(407, 'Magna Tellus Corporation', 'licensee', '4860 Pharetra Ave', 2147483647, 'Curabitur@quismassaM', 'quarterly', '4', 2147483647, 2147483647),
(408, 'Blandit Nam Nulla Institute', 'store', '4581 Vel Avenue', 1317764701, 'Donec.nibh@risusDone', 'quarterly', '4', 2147483647, 2147483647),
(409, 'Nam Ligula PC', 'store', 'Ap #137-3577 Magnis St.', 2147483647, 'nec.mauris.blandit@N', 'quarterly', '2', 2147483647, 2147483647),
(410, 'Sapien Nunc Pulvinar LLP', 'licensee', 'P.O. Box 475, 839 Phasellus St.', 2147483647, 'at.sem@necmauris.org', 'monthly', '5', 2147483647, 2147483647),
(411, 'At Incorporated', 'store', '891-670 Nulla. St.', 2147483647, 'ornare.In@et.edu', 'weekly', '6', 2147483647, 2147483647),
(412, 'Iaculis Institute', 'licensee', 'Ap #384-6457 Donec Avenue', 2147483647, 'amet@risusDonec.co.u', 'quarterly', '2', 2147483647, 2147483647),
(413, 'Sed Neque Sed LLC', 'store', '8561 Est Avenue', 2147483647, 'nisi@velitQuisquevar', 'quarterly', '1', 1645986099, 2147483647),
(414, 'Pellentesque LLC', 'store', '1013 In Street', 2147483647, 'neque.vitae.semper@m', 'quarterly', '1', 2147483647, 2147483647),
(415, 'Proin Consulting', 'store', 'Ap #450-7727 Cras Avenue', 2147483647, 'Maecenas@nullaDonec.', 'monthly', '1', 2147483647, 2147483647),
(416, 'Nunc Commodo Auctor LLC', 'store', '713-5079 Proin St.', 2147483647, 'ut.quam@aliquet.ca', 'biweekly', '1', 2147483647, 2147483647),
(417, 'Commodo Hendrerit Donec PC', 'licensee', 'P.O. Box 702, 5559 Imperdiet Road', 1992711982, 'faucibus@lobortistel', 'quarterly', '7', 2147483647, 2147483647),
(418, 'Pede LLC', 'licensee', 'Ap #880-563 Cras Av.', 2147483647, 'enim@ipsumleo.edu', 'quarterly', '6', 2147483647, 2147483647),
(419, 'Nascetur Ridiculus Incorporate', 'store', 'P.O. Box 792, 6012 Vulputate, Rd.', 2147483647, 'metus.eu.erat@interd', 'monthly', '3', 2147483647, 2147483647),
(420, 'Mus Aenean Eget Foundation', 'store', 'P.O. Box 128, 4065 Convallis St.', 2147483647, 'est.vitae.sodales@od', 'biweekly', '1', 2147483647, 2147483647),
(421, 'Rhoncus Donec Est Ltd', 'store', '584-208 Et, Street', 70626429, 'libero@nislMaecenasm', 'quarterly', '1', 2147483647, 2147483647),
(422, 'Lobortis Augue Ltd', 'licensee', '985-7788 Mauris. Avenue', 2147483647, 'Nullam.velit@enim.ca', 'biweekly', '1', 2147483647, 2147483647),
(423, 'Turpis In PC', 'store', 'Ap #387-1549 A, Av.', 2147483647, 'iaculis.enim.sit@ege', 'quarterly', '5', 2147483647, 2147483647),
(424, 'Lacinia Vitae Sodales Foundati', 'licensee', 'P.O. Box 691, 2227 In Street', 2147483647, 'malesuada@egetmagnaS', 'weekly', '3', 2147483647, 2147483647),
(425, 'Ornare Tortor Limited', 'store', '807-7772 Lorem, St.', 1328523900, 'commodo@aliquetProin', 'monthly', '1', 2147483647, 2147483647),
(426, 'Aliquet Lobortis Ltd', 'licensee', 'P.O. Box 748, 8395 Orci Rd.', 2147483647, 'congue.a.aliquet@nib', 'quarterly', '3', 2147483647, 2147483647),
(427, 'Accumsan Incorporated', 'store', 'P.O. Box 623, 5745 Ut Street', 2040772584, 'sed.pede.Cum@nuncsed', 'weekly', '6', 1887103399, 2147483647),
(428, 'Interdum Nunc Incorporated', 'licensee', '765-140 Dignissim St.', 1044676844, 'facilisis.facilisis.', 'quarterly', '2', 2147483647, 2147483647),
(429, 'Gravida Non Institute', 'store', 'Ap #870-9339 Magna. Road', 2147483647, 'dolor@iaculisnecelei', 'weekly', '6', 2147483647, 2147483647),
(430, 'Fusce Mollis Consulting', 'licensee', '1207 Ut Avenue', 2147483647, 'Curabitur.massa.Vest', 'weekly', '4', 2147483647, 2147483647),
(431, 'Purus Sapien Gravida Institute', 'licensee', '948-6891 Arcu. Ave', 2147483647, 'felis.adipiscing@tem', 'quarterly', '5', 2147483647, 2147483647),
(432, 'Mattis Associates', 'store', 'Ap #276-5248 Sociis Rd.', 1662063814, 'Sed.diam@utsemNulla.', 'weekly', '4', 2147483647, 2147483647),
(433, 'Aliquam Ornare LLC', 'store', 'P.O. Box 557, 7355 Sit Rd.', 2147483647, 'Praesent@a.net', 'biweekly', '1', 2147483647, 2147483647),
(434, 'Lectus Associates', 'store', '181-5007 Ultrices. Rd.', 2147483647, 'egestas.hendrerit@se', 'quarterly', '2', 2147483647, 2147483647),
(435, 'Placerat Incorporated', 'store', 'Ap #419-7733 Nulla. St.', 2147483647, 'tincidunt@eu.net', 'quarterly', '3', 2147483647, 2147483647),
(436, 'Ut Nulla Cras Incorporated', 'licensee', 'Ap #224-7653 Sit Ave', 2147483647, 'congue.turpis@amet.c', 'monthly', '1', 2147483647, 2147483647),
(437, 'Id Risus Corp.', 'licensee', '9748 Pede. Street', 2147483647, 'sit.amet@infelisNull', 'weekly', '5', 2147483647, 2147483647),
(438, 'Sapien Nunc Pulvinar Industrie', 'store', '399-943 Morbi Road', 2147483647, 'vel.convallis.in@arc', 'biweekly', '5', 2147483647, 2147483647),
(439, 'Integer Eu Lacus Industries', 'store', 'Ap #225-6682 Lobortis Rd.', 2147483647, 'condimentum.eget.vol', 'weekly', '6', 2147483647, 2147483647),
(440, 'Etiam Ltd', 'store', '6493 Gravida Rd.', 2147483647, 'metus.eu.erat@sociis', 'weekly', '3', 2147483647, 2147483647),
(441, 'Tellus Inc.', 'store', '201-3924 Mauris, Rd.', 2147483647, 'eget@dictum.org', 'biweekly', '5', 2147483647, 2147483647),
(442, 'Eu Nibh Limited', 'store', 'Ap #997-1082 Lorem, Avenue', 2147483647, 'nec.tempus.scelerisq', 'quarterly', '5', 2147483647, 2147483647),
(443, 'Sodales Nisi Corporation', 'licensee', '424-3423 Id St.', 2147483647, 'arcu@lorem.net', 'quarterly', '4', 2147483647, 2147483647),
(444, 'Volutpat Ornare Facilisis Inst', 'licensee', '1347 Eros Rd.', 112036050, 'et@nonenim.org', 'biweekly', '2', 2147483647, 2147483647),
(445, 'Fusce Aliquam Enim LLC', 'licensee', '9097 Lectus St.', 2147483647, 'Nunc.mauris.sapien@f', 'quarterly', '2', 2147483647, 2147483647),
(446, 'Congue Consulting', 'store', 'P.O. Box 863, 8110 Sollicitudin Av.', 303348247, 'magnis@Cras.org', 'biweekly', '1', 2147483647, 2147483647),
(447, 'Diam Vel Arcu Corporation', 'licensee', '722-4574 Convallis Av.', 2147483647, 'dui.semper.et@erat.o', 'biweekly', '7', 2147483647, 2147483647),
(448, 'Tristique Company', 'store', '3184 Lorem Rd.', 2147483647, 'vitae.odio@libero.co', 'monthly', '1', 2147483647, 2147483647),
(449, 'Ac Ipsum Phasellus Institute', 'licensee', '572-7572 Morbi Road', 349297604, 'auctor@natoque.edu', 'weekly', '1', 2147483647, 2147483647),
(450, 'Praesent Eu Dui PC', 'licensee', '8158 Luctus Rd.', 2147483647, 'penatibus.et.magnis@', 'weekly', '3', 2147483647, 1584393399),
(451, 'Purus Accumsan LLP', 'store', 'P.O. Box 132, 9791 Id Avenue', 173573283, 'sed.hendrerit.a@tell', 'quarterly', '6', 2147483647, 2147483647),
(452, 'Sed Tortor Company', 'store', '606-1152 Ac Avenue', 2147483647, 'ullamcorper.viverra@', 'weekly', '5', 2147483647, 2147483647),
(453, 'Tincidunt Adipiscing Corp.', 'licensee', 'Ap #918-3712 Quam Av.', 2147483647, 'Integer@in.ca', 'quarterly', '6', 2147483647, 2147483647),
(454, 'Lacus Cras Interdum Corporatio', 'store', 'P.O. Box 189, 9869 Bibendum Street', 2147483647, 'arcu@vestibulumlorem', 'weekly', '4', 2147483647, 2147483647),
(455, 'Non Incorporated', 'store', '3076 Ante. Avenue', 2147483647, 'Nulla@neque.net', 'weekly', '2', 2147483647, 2147483647),
(456, 'Sem Magna Nec Foundation', 'store', '2309 Neque Avenue', 2024131793, 'Proin.ultrices@euero', 'monthly', '7', 2147483647, 2147483647),
(457, 'Enim Ltd', 'licensee', '877-4913 Metus. Ave', 2147483647, 'vulputate.velit.eu@e', 'biweekly', '2', 2147483647, 2147483647),
(458, 'Lorem Ipsum Associates', 'store', 'P.O. Box 783, 4157 Ultrices Road', 981623894, 'vitae@luctus.co.uk', 'quarterly', '2', 2147483647, 2147483647),
(459, 'Nam Interdum Incorporated', 'licensee', 'P.O. Box 461, 1344 Ac Ave', 2147483647, 'ornare@nullaIntincid', 'weekly', '5', 2147483647, 2147483647),
(460, 'Natoque Penatibus Inc.', 'licensee', '2650 Velit. Rd.', 2147483647, 'consectetuer.adipisc', 'weekly', '7', 2147483647, 2147483647),
(461, 'Donec Incorporated', 'store', '7420 Laoreet Road', 214941809, 'pharetra@Naminterdum', 'monthly', '1', 2147483647, 2147483647),
(462, 'Velit In Associates', 'licensee', 'P.O. Box 994, 3948 Nunc Rd.', 2147483647, 'Ut.nec@semconsequatn', 'weekly', '5', 2147483647, 2147483647),
(463, 'Nulla In Corporation', 'licensee', 'P.O. Box 375, 6422 Lorem, Ave', 2147483647, 'nulla.Integer.vulput', 'biweekly', '1', 2147483647, 2147483647),
(464, 'Non Sollicitudin LLP', 'licensee', 'Ap #383-3505 Molestie Rd.', 2147483647, 'fringilla.mi.lacinia', 'monthly', '1', 2147483647, 2147483647),
(465, 'Tempus Non Lacinia Industries', 'licensee', '529-5588 Augue Rd.', 449537124, 'euismod.enim@tellusS', 'weekly', '6', 2147483647, 2147483647),
(466, 'Donec Consectetuer Mauris Indu', 'licensee', '734-534 Ornare St.', 503416434, 'consequat.auctor.nun', 'quarterly', '4', 2147483647, 2147483647),
(467, 'Scelerisque Corp.', 'licensee', 'Ap #441-312 Augue Ave', 2147483647, 'ultrices@tempusmauri', 'weekly', '5', 808672899, 2147483647),
(468, 'Suspendisse LLP', 'licensee', 'P.O. Box 686, 5409 Montes, Ave', 157944021, 'mauris@eleifendvitae', 'biweekly', '2', 2147483647, 2147483647),
(469, 'Ornare Industries', 'store', '101-7615 Ligula. Avenue', 2147483647, 'eget.nisi@turpis.net', 'weekly', '5', 2147483647, 2147483647),
(470, 'Ac Limited', 'store', 'P.O. Box 119, 834 Rutrum, Rd.', 709544867, 'commodo.tincidunt@fa', 'biweekly', '1', 2147483647, 2147483647),
(471, 'Ac Industries', 'licensee', 'P.O. Box 539, 9461 Sollicitudin Street', 2147483647, 'Nullam.feugiat@eros.', 'quarterly', '6', 2147483647, 2147483647),
(472, 'Magna Cras Convallis LLP', 'store', '321-9507 Eu Street', 2147483647, 'ac.urna.Ut@purusMaec', 'weekly', '3', 2147483647, 2147483647),
(473, 'Felis Purus Ac Limited', 'store', 'Ap #737-8131 Hymenaeos. Av.', 2147483647, 'sapien@in.net', 'quarterly', '1', 2147483647, 2147483647),
(474, 'Sollicitudin Commodo LLC', 'licensee', '591-4011 Ac St.', 1866250488, 'Sed.nunc@nisia.com', 'monthly', '7', 2147483647, 2147483647),
(475, 'Vitae Corp.', 'store', 'Ap #790-4700 Sed Avenue', 1939298802, 'ipsum@quis.co.uk', 'quarterly', '3', 2147483647, 2147483647),
(476, 'Dictum Incorporated', 'licensee', 'P.O. Box 425, 8869 Ultrices, Avenue', 184729914, 'diam.luctus@gravidam', 'monthly', '2', 2147483647, 2147483647),
(477, 'Nibh Vulputate Mauris Ltd', 'licensee', '7573 Vitae Street', 2147483647, 'tortor@duisemperet.c', 'biweekly', '6', 2147483647, 2147483647),
(478, 'In Industries', 'licensee', 'P.O. Box 844, 5336 Maecenas Ave', 2147483647, 'lacus@litoratorquent', 'biweekly', '6', 2147483647, 2147483647),
(479, 'Ante Maecenas Limited', 'store', '5669 Elit Rd.', 1896389, 'elit.pretium.et@duia', 'weekly', '2', 2147483647, 2147483647),
(480, 'Mauris Vestibulum Neque Compan', 'licensee', '3978 Donec Street', 1527309732, 'Curabitur.egestas.nu', 'weekly', '7', 2147483647, 2147483647),
(481, 'Nisi Sem Associates', 'licensee', 'Ap #591-1732 Molestie Rd.', 2147483647, 'magna.Lorem@ullamcor', 'biweekly', '6', 2147483647, 2147483647),
(482, 'Libero Lacus PC', 'licensee', 'Ap #322-3758 Mauris St.', 2147483647, 'hendrerit.a.arcu@nul', 'quarterly', '1', 2147483647, 2147483647),
(483, 'Orci Luctus Inc.', 'licensee', '986-5083 Nullam Ave', 2147483647, 'tristique.aliquet.Ph', 'monthly', '4', 2147483647, 2147483647),
(484, 'Commodo Corp.', 'licensee', 'Ap #792-5844 Phasellus Ave', 2147483647, 'arcu.ac.orci@sedestN', 'biweekly', '5', 2147483647, 2147483647),
(485, 'Urna Suscipit Nonummy Industri', 'licensee', 'P.O. Box 570, 9357 Dolor. St.', 2147483647, 'sociis.natoque@urna.', 'quarterly', '5', 2147483647, 2147483647),
(486, 'Lorem Ipsum Inc.', 'store', 'P.O. Box 398, 3887 Aliquam St.', 1283957776, 'eget.lacus@eu.edu', 'weekly', '3', 2147483647, 2147483647),
(487, 'Vitae Sodales At Limited', 'licensee', 'P.O. Box 599, 533 Dis Avenue', 2147483647, 'tellus@vulputatenisi', 'biweekly', '6', 2147483647, 2147483647),
(488, 'Euismod Ac Fermentum LLC', 'licensee', 'P.O. Box 263, 9579 Parturient Rd.', 2147483647, 'felis.eget@netusetma', 'monthly', '7', 2147483647, 2147483647),
(489, 'Nascetur Institute', 'store', '9308 Pede Road', 2147483647, 'sociis@et.co.uk', 'quarterly', '6', 2147483647, 2147483647),
(490, 'Nec Corp.', 'licensee', '461-1352 Turpis. St.', 2147483647, 'quam.Curabitur@moles', 'biweekly', '6', 2147483647, 2147483647),
(491, 'Sit Amet Orci Inc.', 'store', '8630 Non, Ave', 2147483647, 'vulputate@ullamcorpe', 'weekly', '4', 2147483647, 2147483647),
(492, 'Malesuada Consulting', 'licensee', '2235 Egestas St.', 2147483647, 'erat.in.consectetuer', 'monthly', '6', 2147483647, 2147483647),
(493, 'Amet Metus PC', 'store', '642-3721 Nec Rd.', 2147483647, 'dui.in@volutpat.ca', 'biweekly', '6', 2147483647, 2147483647),
(494, 'Ut Company', 'licensee', 'P.O. Box 525, 5221 Non Rd.', 2147483647, 'a.feugiat.tellus@mau', 'biweekly', '3', 2147483647, 2147483647),
(495, 'Eu Incorporated', 'store', '550-3095 Quisque Rd.', 2147483647, 'consectetuer@semsemp', 'monthly', '2', 2147483647, 2147483647),
(496, 'Risus PC', 'store', 'P.O. Box 346, 7405 Mollis Rd.', 1567574256, 'dis@Maurisquis.ca', 'monthly', '4', 2147483647, 2147483647),
(497, 'Vitae Corporation', 'licensee', '578-6715 Nunc Road', 414200511, 'consectetuer@Cras.co', 'weekly', '1', 2147483647, 2147483647),
(498, 'Mauris Morbi Institute', 'store', '115-5097 A, Rd.', 2147483647, 'lorem.eu.metus@sitam', 'weekly', '7', 2147483647, 2147483647),
(499, 'Et Ipsum Corp.', 'store', '9158 Cras Street', 2147483647, 'quis.urna.Nunc@lectu', 'quarterly', '6', 388663099, 2147483647),
(500, 'Morbi Quis Corporation', 'store', '9274 Ligula. Av.', 1965900122, 'elit.pede.malesuada@', 'quarterly', '2', 2147483647, 2147483647),
(501, 'Bibendum Inc.', 'licensee', '2013 Sit St.', 2147483647, 'pharetra@Integerseme', 'biweekly', '2', 2147483647, 2147483647),
(502, 'Nunc Id Enim Foundation', 'licensee', 'P.O. Box 710, 3261 Nunc. Rd.', 2147483647, 'Duis.cursus.diam@int', 'quarterly', '6', 2147483647, 2147483647),
(503, 'Suspendisse Aliquet Molestie P', 'store', '641-8010 Natoque Ave', 2147483647, 'ullamcorper.velit.in', 'quarterly', '7', 2147483647, 2147483647),
(504, 'Integer Corp.', 'store', '2150 Pellentesque Rd.', 2081963, 'diam.vel@molestieSed', 'quarterly', '6', 2147483647, 2147483647),
(505, 'Libero Morbi Corp.', 'licensee', 'Ap #719-9895 Mauris Rd.', 2147483647, 'Sed.congue.elit@arcu', 'quarterly', '3', 2147483647, 2147483647),
(506, 'Rhoncus Id Ltd', 'licensee', '700-9228 Congue, Road', 2147483647, 'consequat.enim@sitam', 'biweekly', '2', 2147483647, 2147483647),
(507, 'Nunc Institute', 'store', '9986 Et Av.', 2147483647, 'eu.enim.Etiam@Duisdi', 'monthly', '5', 2147483647, 2147483647),
(508, 'Convallis PC', 'store', '871-7989 Vitae Rd.', 2147483647, 'lorem.semper.auctor@', 'weekly', '6', 2147483647, 2147483647),
(509, 'Non Incorporated', 'licensee', 'P.O. Box 463, 5062 Id, Rd.', 1494845356, 'quam@Integerurna.edu', 'quarterly', '7', 2147483647, 2147483647),
(510, 'Ac Institute', 'store', '332-8510 Ligula Street', 2147483647, 'Nunc.mauris.elit@odi', 'quarterly', '6', 2147483647, 2147483647),
(511, 'Placerat Industries', 'store', '5145 Orci. Rd.', 2147483647, 'vel@pretiumaliquet.c', 'weekly', '1', 2147483647, 2147483647),
(512, 'Pede Sagittis Corporation', 'store', 'P.O. Box 424, 3991 Praesent Street', 2147483647, 'elit@velpede.co.uk', 'quarterly', '1', 2147483647, 2147483647),
(513, 'Tristique Neque Institute', 'store', 'Ap #266-4665 Porttitor Road', 2147483647, 'Suspendisse.aliquet@', 'monthly', '5', 2147483647, 2147483647),
(514, 'Magna Institute', 'licensee', 'Ap #347-6836 Morbi Street', 2147483647, 'Class@hendreritid.ed', 'quarterly', '3', 2147483647, 2147483647),
(515, 'Malesuada Ut Inc.', 'store', '673-6504 Dolor, St.', 2147483647, 'pede.Suspendisse.dui', 'quarterly', '7', 2147483647, 2147483647),
(516, 'Varius Et Consulting', 'licensee', '598-5086 Adipiscing. Av.', 2147483647, 'diam.Pellentesque.ha', 'biweekly', '7', 2147483647, 2147483647),
(517, 'Diam Incorporated', 'store', '526-3249 Orci Av.', 1638498907, 'dapibus.quam.quis@di', 'biweekly', '1', 2147483647, 2147483647),
(518, 'In Industries', 'licensee', 'Ap #858-4502 Cursus Rd.', 1835699793, 'Integer@blandit.ca', 'monthly', '7', 2147483647, 2147483647),
(519, 'Per Inceptos Hymenaeos Institu', 'store', '4391 Mauris. Rd.', 2147483647, 'Phasellus.dolor@estc', 'monthly', '4', 2147483647, 2147483647),
(520, 'Felis Industries', 'store', 'P.O. Box 883, 1454 Tellus Rd.', 2147483647, 'sit@ametdiameu.co.uk', 'weekly', '4', 2147483647, 2147483647),
(521, 'Volutpat Nunc Foundation', 'store', 'P.O. Box 542, 8886 Facilisis Rd.', 2147483647, 'nec@nec.org', 'weekly', '7', 2147483647, 2147483647),
(522, 'Vitae Dolor Donec Incorporated', 'licensee', '488-3840 Sapien Ave', 2147483647, 'urna.Nunc@lorem.com', 'biweekly', '7', 2147483647, 2147483647),
(523, 'Faucibus Foundation', 'licensee', '6714 Quisque Street', 1054125669, 'augue.malesuada@turp', 'biweekly', '2', 2147483647, 2147483647),
(524, 'Aliquam Rutrum LLC', 'licensee', 'Ap #837-4593 Sed St.', 2147483647, 'sed@semegestasblandi', 'quarterly', '2', 2147483647, 2147483647),
(525, 'Lacinia At Iaculis Incorporate', 'store', 'Ap #654-3118 Quam Av.', 417941517, 'rhoncus@disparturien', 'weekly', '1', 2147483647, 2147483647),
(526, 'Tempor Ltd', 'store', 'Ap #857-381 Mauris. St.', 1436139799, 'mattis@Integereu.ca', 'monthly', '4', 2147483647, 2147483647),
(527, 'Erat Neque Institute', 'store', 'Ap #940-1768 Pharetra, St.', 2147483647, 'magna.et@dolor.com', 'quarterly', '2', 2147483647, 2147483647),
(528, 'Justo Faucibus Lectus Associat', 'store', '2816 Non Street', 2147483647, 'at@nuncInat.edu', 'quarterly', '1', 2147483647, 2147483647),
(529, 'Et Institute', 'store', '346-5167 Lorem Street', 2147483647, 'sodales.elit.erat@si', 'monthly', '2', 2147483647, 2147483647),
(530, 'Dolor Vitae Dolor Company', 'licensee', 'Ap #913-6499 Bibendum Rd.', 2147483647, 'vel.pede@quispede.or', 'monthly', '2', 2147483647, 2147483647),
(531, 'Ultricies Adipiscing Enim Corp', 'licensee', 'Ap #549-5701 Ut, St.', 355556399, 'volutpat.Nulla@leoel', 'monthly', '2', 2147483647, 2147483647),
(532, 'Quisque Libero Lacus Ltd', 'licensee', '341-2329 A, Rd.', 2147483647, 'Proin.velit@estNuncl', 'weekly', '7', 2147483647, 2147483647),
(533, 'Tellus Id LLC', 'store', '2086 Neque. St.', 2147483647, 'sed@Sedpharetra.co.u', 'monthly', '1', 2147483647, 2147483647),
(534, 'Orci Consectetuer Company', 'licensee', 'P.O. Box 334, 8116 Fusce Av.', 307415287, 'Donec.fringilla.Done', 'weekly', '7', 2147483647, 2147483647),
(535, 'Duis A Mi Institute', 'store', 'P.O. Box 357, 5021 Molestie Road', 2147483647, 'fringilla@Aeneaneges', 'biweekly', '1', 2147483647, 2147483647),
(536, 'Tellus Industries', 'licensee', '581-1255 Dis Rd.', 2147483647, 'tempus.non.lacinia@i', 'monthly', '2', 2147483647, 2147483647),
(537, 'Dapibus Gravida Consulting', 'store', '851-5044 Vivamus Avenue', 2147483647, 'auctor.non.feugiat@l', 'biweekly', '5', 2147483647, 2147483647),
(538, 'Erat Incorporated', 'licensee', '1222 Pede. Road', 594056719, 'ligula.Aenean@ultric', 'quarterly', '6', 2147483647, 2147483647),
(539, 'Et Magnis Dis LLP', 'store', 'Ap #103-1676 Sed Avenue', 2147483647, 'Vestibulum.ante.ipsu', 'biweekly', '6', 2147483647, 2147483647),
(540, 'Cras Eget Limited', 'licensee', '850-4375 Primis Avenue', 2147483647, 'elementum.purus.accu', 'biweekly', '1', 2147483647, 2147483647),
(541, 'Vulputate Nisi Sem Institute', 'store', 'Ap #825-435 Nunc Av.', 2147483647, 'dolor@nislNulla.com', 'biweekly', '2', 2147483647, 2147483647),
(542, 'Sed Dui Fusce Consulting', 'store', '102 Vestibulum Rd.', 2147483647, 'Suspendisse.aliquet.', 'quarterly', '5', 2147483647, 2147483647),
(543, 'Orci Ut Sagittis Industries', 'licensee', 'P.O. Box 331, 8063 Venenatis St.', 2147483647, 'blandit.congue@portt', 'quarterly', '3', 2147483647, 2147483647),
(544, 'Tortor LLP', 'store', 'Ap #879-6349 Proin Avenue', 2147483647, 'habitant.morbi@matti', 'monthly', '7', 2147483647, 2147483647),
(545, 'Aliquam Corp.', 'store', 'Ap #943-5800 Cursus Av.', 1348068068, 'turpis@disparturient', 'quarterly', '4', 2147483647, 2147483647),
(546, 'Netus Et Malesuada Institute', 'licensee', 'Ap #791-6783 Ut, St.', 2147483647, 'congue@luctusut.com', 'weekly', '5', 2147483647, 2147483647),
(547, 'Etiam Vestibulum Massa LLP', 'licensee', 'P.O. Box 770, 821 Ullamcorper. Avenue', 2147483647, 'elit.pellentesque@ut', 'weekly', '5', 2147483647, 2147483647),
(548, 'Mauris Eu Elit PC', 'store', 'P.O. Box 217, 7170 Tellus Avenue', 2147483647, 'ridiculus@neceuismod', 'monthly', '6', 2147483647, 2147483647),
(549, 'A Enim Suspendisse Ltd', 'licensee', 'Ap #396-5907 Curabitur Avenue', 223968281, 'et@ametrisusDonec.or', 'weekly', '6', 2147483647, 2147483647),
(550, 'Facilisis Eget LLC', 'licensee', '1695 Sagittis. Rd.', 2147483647, 'mi@pede.ca', 'monthly', '7', 2147483647, 873022499),
(551, 'Eget Associates', 'licensee', 'P.O. Box 346, 3277 Lorem, St.', 2147483647, 'sodales.at@tincidunt', 'biweekly', '1', 2147483647, 2147483647),
(552, 'Auctor LLC', 'store', 'P.O. Box 605, 3459 In Av.', 1555577074, 'commodo.ipsum.Suspen', 'weekly', '5', 2147483647, 2147483647),
(553, 'Ac Industries', 'store', '6404 Vehicula. Av.', 2147483647, 'Nulla.tempor@felisNu', 'weekly', '2', 2147483647, 2147483647),
(554, 'Tellus Sem Mollis LLP', 'store', 'P.O. Box 525, 1013 Nascetur Rd.', 2147483647, 'pretium.et@Seddictum', 'weekly', '5', 2147483647, 2147483647),
(555, 'At Velit PC', 'licensee', '659-8068 Dolor St.', 2147483647, 'Ut.semper@eleifend.c', 'monthly', '7', 2147483647, 2147483647),
(556, 'Eu Tempor LLC', 'store', 'P.O. Box 289, 8709 Non, Rd.', 2147483647, 'eget.massa.Suspendis', 'monthly', '1', 2147483647, 2147483647),
(557, 'Sed Limited', 'store', '204-5786 Dui, Road', 2147483647, 'ipsum.Donec.sollicit', 'monthly', '1', 2147483647, 2147483647),
(558, 'Vivamus Euismod Urna Associate', 'store', '7968 Eu St.', 2147483647, 'egestas.Aliquam@soci', 'quarterly', '6', 2147483647, 2147483647),
(559, 'Nostra Foundation', 'store', 'Ap #390-4668 Sodales. Av.', 2147483647, 'risus.Nulla.eget@non', 'weekly', '2', 2147483647, 2147483647),
(560, 'Cras Associates', 'store', 'Ap #326-1591 Eu Rd.', 2147483647, 'Phasellus.vitae.maur', 'monthly', '6', 2147483647, 2147483647),
(561, 'Ornare Egestas Consulting', 'store', 'P.O. Box 322, 5930 Cum Ave', 2147483647, 'vestibulum.neque@ali', 'monthly', '6', 2147483647, 2147483647),
(562, 'Risus At Fringilla PC', 'store', '511-1678 Augue Street', 1454726791, 'scelerisque.mollis.P', 'biweekly', '3', 312629899, 2147483647),
(563, 'Sed PC', 'licensee', '810-1595 Auctor Av.', 1038796796, 'Maecenas@magna.co.uk', 'weekly', '7', 2147483647, 2147483647),
(564, 'Nullam Feugiat Placerat Limite', 'licensee', 'Ap #579-5346 Scelerisque Street', 2147483647, 'mattis@dignissim.co.', 'monthly', '3', 2147483647, 2147483647),
(565, 'Donec Feugiat Metus Corp.', 'store', 'Ap #642-772 Sapien. St.', 2147483647, 'mi@vitae.co.uk', 'biweekly', '2', 2147483647, 2147483647),
(566, 'Nunc Quis Company', 'store', '4276 Et Road', 2147483647, 'tellus.id@arcuCurabi', 'quarterly', '7', 2147483647, 2147483647),
(567, 'Tincidunt LLP', 'licensee', '1377 Lacus. Ave', 1793917260, 'et.lacinia.vitae@mol', 'biweekly', '4', 2147483647, 2147483647),
(568, 'Ultrices Vivamus Rhoncus PC', 'store', '4653 Nulla Av.', 2147483647, 'Cum@lacusMauris.com', 'weekly', '5', 2147483647, 2147483647),
(569, 'Id Sapien Cras Consulting', 'store', '9481 A Street', 2147483647, 'nulla.vulputate@semP', 'weekly', '6', 2147483647, 2147483647),
(570, 'Iaculis Nec Eleifend LLP', 'store', '841-6010 Tellus. St.', 2147483647, 'posuere.cubilia@habi', 'monthly', '1', 2147483647, 2147483647),
(571, 'Morbi Accumsan Industries', 'licensee', '9815 Erat Av.', 2147483647, 'tempus.lorem@ultrice', 'monthly', '4', 2147483647, 2147483647),
(572, 'Dolor Incorporated', 'licensee', 'Ap #950-4183 Lectus Rd.', 2147483647, 'ante.Maecenas@etnetu', 'monthly', '1', 2147483647, 2147483647),
(573, 'Dignissim Company', 'store', 'P.O. Box 843, 6974 Eu, Street', 2147483647, 'parturient@lectusant', 'weekly', '5', 2147483647, 2147483647),
(574, 'Conubia Nostra Limited', 'store', 'P.O. Box 145, 2419 Ac, Rd.', 2147483647, 'ornare.facilisis.ege', 'weekly', '1', 2147483647, 2147483647),
(575, 'Ut Pellentesque Corp.', 'licensee', '2150 Nascetur St.', 2147483647, 'vulputate.dui@loremv', 'weekly', '4', 2147483647, 2147483647),
(576, 'Facilisis Non Bibendum Incorpo', 'licensee', '5767 At St.', 2147483647, 'Nullam@diamvel.co.uk', 'biweekly', '7', 2147483647, 2147483647),
(577, 'Mauris Sagittis Placerat LLP', 'store', 'Ap #672-3948 Eget Street', 2147483647, 'fringilla.ornare@non', 'quarterly', '5', 2147483647, 2147483647),
(578, 'Laoreet Posuere Consulting', 'licensee', '5833 Nascetur St.', 2147483647, 'Nullam.scelerisque.n', 'monthly', '3', 2147483647, 2147483647),
(579, 'Neque Industries', 'licensee', 'Ap #710-6868 Ac Rd.', 2147483647, 'urna@urnasuscipit.ed', 'biweekly', '4', 2147483647, 2147483647),
(580, 'Cum Sociis Natoque Corp.', 'store', '505-488 Ac St.', 2147483647, 'facilisis.lorem.tris', 'quarterly', '1', 2147483647, 2147483647),
(581, 'A Inc.', 'store', 'Ap #977-1297 Luctus Ave', 2147483647, 'ac.mattis@vehiculaPe', 'weekly', '4', 2147483647, 2147483647),
(582, 'Praesent Eu Associates', 'store', '5144 Lacus. Road', 2147483647, 'sed@tempor.ca', 'quarterly', '5', 2147483647, 2147483647),
(583, 'Metus Aliquam Erat Associates', 'store', '3567 Ante St.', 2147483647, 'nec.leo@antebibendum', 'monthly', '7', 2147483647, 2147483647),
(584, 'Nunc LLP', 'store', 'P.O. Box 937, 1998 Vestibulum St.', 2147483647, 'fringilla@euismod.co', 'monthly', '3', 2147483647, 2147483647),
(585, 'Scelerisque Sed Sapien Corp.', 'store', 'P.O. Box 222, 1729 Etiam Rd.', 1845235036, 'risus@MaurisnullaInt', 'weekly', '3', 2147483647, 2147483647),
(586, 'Elit Curabitur PC', 'licensee', 'Ap #748-1538 A Street', 2147483647, 'Suspendisse.dui@ac.c', 'quarterly', '5', 2147483647, 2147483647),
(587, 'Duis Cursus Diam Ltd', 'store', 'Ap #404-627 Nulla Street', 2147483647, 'nibh@necquamCurabitu', 'quarterly', '5', 2147483647, 2147483647),
(588, 'Lacus Nulla Tincidunt Institut', 'licensee', 'Ap #136-6793 Praesent Rd.', 2147483647, 'ipsum.Suspendisse@er', 'quarterly', '5', 2147483647, 2147483647),
(589, 'At LLP', 'licensee', 'P.O. Box 681, 937 Diam. Avenue', 2147483647, 'dui.Cum@gravidaPraes', 'quarterly', '2', 2147483647, 2147483647),
(590, 'Nonummy Fusce LLP', 'licensee', 'P.O. Box 392, 1725 Duis Rd.', 2147483647, 'placerat.eget@magna.', 'weekly', '2', 2147483647, 2147483647),
(591, 'Donec Feugiat Metus Foundation', 'licensee', 'P.O. Box 450, 4196 Viverra. St.', 2147483647, 'in.felis@etlibero.ca', 'quarterly', '5', 2147483647, 2147483647),
(592, 'Lorem Ut Aliquam Ltd', 'licensee', '2448 Ante Rd.', 2147483647, 'Sed.diam.lorem@inter', 'weekly', '4', 2147483647, 2147483647),
(593, 'Mus Corporation', 'licensee', '515-1317 Aliquet. Rd.', 2147483647, 'Nunc.laoreet.lectus@', 'weekly', '7', 2147483647, 2147483647),
(594, 'Magna Associates', 'store', 'P.O. Box 841, 5442 Risus. Road', 2147483647, 'non.ante@infaucibus.', 'quarterly', '7', 2147483647, 2147483647),
(595, 'Lorem Associates', 'store', 'P.O. Box 104, 3409 Eu, Road', 2147483647, 'lobortis.risus.In@Do', 'biweekly', '7', 2147483647, 2147483647),
(596, 'Interdum Consulting', 'store', '1294 Proin St.', 2147483647, 'penatibus@ornareplac', 'weekly', '1', 2147483647, 2147483647),
(597, 'Gravida Institute', 'licensee', 'Ap #384-3209 Tincidunt, Rd.', 2147483647, 'ac.sem.ut@lacusMauri', 'biweekly', '1', 2147483647, 2147483647),
(598, 'Nunc Pulvinar Institute', 'store', 'Ap #274-8392 Eu Rd.', 2147483647, 'non.luctus.sit@seddu', 'weekly', '1', 2147483647, 2147483647),
(599, 'Dictum Phasellus Incorporated', 'store', '4361 Feugiat St.', 493906092, 'nunc.sed@etmagnisdis', 'weekly', '5', 2147483647, 2147483647),
(600, 'Magna Phasellus Dolor PC', 'store', 'P.O. Box 988, 935 At Rd.', 2147483647, 'et.commodo.at@felis.', 'monthly', '7', 2147483647, 2147483647),
(601, 'Nisl Corp.', 'licensee', 'Ap #849-5055 Sed Avenue', 2147483647, 'sodales@aliquetmagna', 'biweekly', '3', 2147483647, 2147483647),
(602, 'Scelerisque Foundation', 'licensee', 'P.O. Box 984, 2946 Nunc St.', 2147483647, 'lectus.convallis.est', 'monthly', '7', 2147483647, 2147483647),
(603, 'Pede Nec Ante Foundation', 'store', 'Ap #654-7717 Morbi Rd.', 2147483647, 'elementum.lorem.ut@l', 'quarterly', '5', 2147483647, 2147483647),
(604, 'Vestibulum Lorem Limited', 'store', '584-5560 Tristique Av.', 2147483647, 'augue@molestieorci.c', 'monthly', '5', 2147483647, 2147483647),
(605, 'Enim Condimentum Eget Corp.', 'licensee', 'Ap #206-8484 Aenean Av.', 2147483647, 'a.neque.Nullam@turpi', 'quarterly', '4', 2147483647, 2147483647),
(606, 'Ante Consulting', 'store', 'P.O. Box 752, 5585 Ornare Avenue', 2147483647, 'arcu.Vestibulum@puru', 'monthly', '5', 2147483647, 2147483647),
(607, 'Eget Dictum Placerat PC', 'store', '8370 Ut Ave', 2147483647, 'cursus@nequeMorbiqui', 'biweekly', '2', 2147483647, 2147483647),
(608, 'Arcu Ac LLP', 'licensee', '5425 Ipsum Av.', 2147483647, 'metus@Nulla.org', 'quarterly', '6', 2147483647, 2147483647),
(609, 'Vulputate Posuere PC', 'licensee', 'P.O. Box 678, 9802 Vehicula Road', 1367322221, 'non.lobortis.quis@Cr', 'monthly', '3', 2147483647, 2147483647),
(610, 'Habitant Inc.', 'store', 'Ap #476-6785 Dis Street', 2147483647, 'semper.auctor.Mauris', 'monthly', '5', 528014899, 2147483647),
(611, 'Nibh LLP', 'licensee', 'P.O. Box 285, 8566 Lorem Road', 2147483647, 'ligula@pedenecante.o', 'quarterly', '3', 2147483647, 2147483647),
(612, 'Mi Aliquam Corp.', 'store', 'Ap #170-5550 Parturient Rd.', 1128317807, 'magna@egestas.org', 'weekly', '7', 2147483647, 2147483647),
(613, 'Diam Proin Foundation', 'store', '2435 Tellus. Avenue', 2147483647, 'enim.mi@etultricespo', 'weekly', '7', 2147483647, 2147483647),
(614, 'Lorem Corp.', 'store', 'P.O. Box 725, 6553 Proin Ave', 2147483647, 'sed.leo@cursus.co.uk', 'weekly', '1', 2147483647, 2147483647),
(615, 'Mi LLP', 'store', 'Ap #349-5646 Proin Road', 125295091, 'elit.pellentesque@Pr', 'quarterly', '7', 2147483647, 2147483647),
(616, 'Auctor Inc.', 'licensee', '571-9385 Placerat, Ave', 1184752339, 'Nullam.velit@Maecena', 'monthly', '6', 2147483647, 2147483647),
(617, 'A Magna Associates', 'store', '5560 Elit. Avenue', 2147483647, 'suscipit@loremipsums', 'biweekly', '7', 2147483647, 2147483647),
(618, 'Sit Corporation', 'store', '139-112 Massa St.', 2147483647, 'cursus@ut.org', 'quarterly', '6', 2147483647, 2147483647),
(619, 'Vitae Sodales At Associates', 'store', 'Ap #353-4752 Amet Road', 2147483647, 'lobortis@massaMauris', 'quarterly', '7', 2147483647, 2147483647),
(620, 'Aliquam Nec Corp.', 'store', '401-152 Sapien, Street', 2147483647, 'congue.a@massarutrum', 'weekly', '6', 2147483647, 2147483647),
(621, 'Ornare Facilisis Eget Consulti', 'store', '379 Mi St.', 2147483647, 'tortor.nibh.sit@port', 'monthly', '7', 2147483647, 2147483647),
(622, 'Velit Justo Incorporated', 'store', 'P.O. Box 341, 4781 Non Rd.', 2147483647, 'ipsum.Suspendisse@In', 'quarterly', '3', 2147483647, 2147483647),
(623, 'Amet Corp.', 'store', 'P.O. Box 542, 933 Vestibulum St.', 1215977473, 'blandit@scelerisquem', 'weekly', '2', 2147483647, 2147483647),
(624, 'Nunc Laoreet Industries', 'store', '154 Dolor St.', 2147483647, 'bibendum.ullamcorper', 'quarterly', '2', 2147483647, 2147483647),
(625, 'Nunc Quis Arcu Ltd', 'store', '980-9521 Varius St.', 2147483647, 'ultricies.ornare.eli', 'quarterly', '5', 2147483647, 2147483647),
(626, 'Lobortis Augue Company', 'store', 'P.O. Box 112, 7741 Velit St.', 2147483647, 'a.feugiat.tellus@mau', 'quarterly', '2', 2147483647, 2147483647),
(627, 'Malesuada Corp.', 'store', '663-2921 Purus Av.', 2147483647, 'euismod.enim@hymenae', 'quarterly', '3', 2147483647, 2147483647),
(628, 'Sit Amet PC', 'licensee', 'Ap #436-3393 Tellus Ave', 2147483647, 'vel.arcu.Curabitur@c', 'quarterly', '7', 2147483647, 2147483647),
(629, 'Nunc Mauris PC', 'store', '6951 Felis St.', 2147483647, 'enim.condimentum@nis', 'biweekly', '1', 2147483647, 2147483647),
(630, 'Magna Tellus Foundation', 'licensee', '5258 Phasellus Street', 1150552532, 'ligula@etnunc.co.uk', 'monthly', '1', 2147483647, 2147483647),
(631, 'Odio Auctor LLC', 'store', 'P.O. Box 858, 1682 Lacus Avenue', 903351721, 'Pellentesque.habitan', 'monthly', '3', 2147483647, 2147483647),
(632, 'Ac Sem Industries', 'store', 'Ap #721-4775 Donec Rd.', 2147483647, 'amet.consectetuer.ad', 'biweekly', '7', 2147483647, 2147483647),
(633, 'Odio Foundation', 'licensee', 'Ap #796-2076 Magna. Rd.', 1389165551, 'nec.imperdiet.nec@so', 'weekly', '1', 2147483647, 2147483647),
(634, 'Tristique Senectus Et LLP', 'licensee', '309-2668 Phasellus St.', 623919546, 'turpis.Nulla.aliquet', 'biweekly', '5', 2147483647, 2147483647),
(635, 'Erat Corporation', 'store', 'P.O. Box 166, 1449 Velit Avenue', 2147483647, 'vulputate.mauris.sag', 'quarterly', '3', 2147483647, 637262899),
(636, 'Vitae Foundation', 'licensee', '795-9154 Donec Rd.', 2147483647, 'at.velit@inlobortist', 'monthly', '6', 2147483647, 2147483647),
(637, 'Non Cursus Corp.', 'store', '857-139 Urna Rd.', 2147483647, 'Maecenas.malesuada.f', 'monthly', '6', 2147483647, 2147483647),
(638, 'Sem Consulting', 'store', '177-2726 Sem. Road', 2147483647, 'vel@ac.ca', 'monthly', '4', 2147483647, 2147483647),
(639, 'Integer Eu Industries', 'store', '366-6715 Orci. Avenue', 2147483647, 'bibendum@tinciduntDo', 'monthly', '4', 2147483647, 2147483647),
(640, 'Mollis Ltd', 'licensee', 'P.O. Box 982, 9843 Imperdiet Avenue', 1113845694, 'risus@Sed.net', 'weekly', '1', 2147483647, 2147483647),
(641, 'Adipiscing Associates', 'licensee', '3617 Inceptos St.', 2147483647, 'Morbi@aliquet.edu', 'quarterly', '6', 2147483647, 2147483647),
(642, 'Magnis Dis Parturient Ltd', 'store', '183-280 Mi Rd.', 2147483647, 'nulla.magna.malesuad', 'biweekly', '6', 2147483647, 2147483647),
(643, 'Fusce Ltd', 'store', 'P.O. Box 213, 4006 Sit Rd.', 2147483647, 'ut@nascetur.org', 'monthly', '1', 2147483647, 2147483647),
(644, 'Lobortis Ultrices Vivamus LLC', 'licensee', 'Ap #596-5914 Rutrum. Ave', 2147483647, 'aliquet@augue.ca', 'weekly', '3', 2147483647, 2147483647),
(645, 'Morbi Non Associates', 'store', 'P.O. Box 476, 7578 Mauris Rd.', 2147483647, 'ut@nulla.edu', 'biweekly', '4', 2147483647, 2147483647),
(646, 'Velit Cras Foundation', 'licensee', 'Ap #478-7696 Laoreet Rd.', 2147483647, 'amet.ornare.lectus@e', 'biweekly', '7', 2147483647, 2147483647),
(647, 'Fusce PC', 'store', 'P.O. Box 634, 3007 Lectus St.', 2147483647, 'Cras.sed.leo@sociisn', 'quarterly', '7', 2147483647, 2147483647),
(648, 'Non Lacinia At LLC', 'store', 'Ap #731-5101 Fringilla Rd.', 1435140948, 'enim.Curabitur.massa', 'biweekly', '5', 2147483647, 2147483647),
(649, 'Habitant LLC', 'licensee', 'P.O. Box 545, 7001 Magna Road', 1010026282, 'nibh.dolor.nonummy@l', 'weekly', '2', 2147483647, 2147483647),
(650, 'Phasellus Incorporated', 'licensee', '589-5105 Purus, Av.', 2147483647, 'mus.Proin@In.org', 'biweekly', '6', 2147483647, 2147483647),
(651, 'Habitant Morbi Company', 'licensee', '6211 Pede. St.', 2147483647, 'rutrum@dictumeu.ca', 'quarterly', '5', 2147483647, 2147483647),
(652, 'Dis Parturient Corp.', 'licensee', 'Ap #530-7971 Ligula Av.', 2147483647, 'placerat.velit.Quisq', 'biweekly', '3', 2147483647, 2147483647),
(653, 'Lectus Rutrum PC', 'licensee', 'Ap #922-5926 Erat St.', 2147483647, 'dui.semper@urnaconva', 'weekly', '7', 2147483647, 2147483647),
(654, 'Phasellus Libero Mauris LLC', 'licensee', 'Ap #758-8775 Aliquam Rd.', 2147483647, 'massa.Suspendisse@fr', 'biweekly', '5', 2147483647, 2147483647),
(655, 'Nam LLC', 'licensee', '7312 Nam Rd.', 1083767154, 'erat.Vivamus.nisi@co', 'monthly', '2', 2147483647, 2147483647),
(656, 'Nec Urna Suscipit PC', 'store', 'Ap #999-4305 Sem Road', 2147483647, 'amet.dapibus@atnisi.', 'quarterly', '5', 2147483647, 2147483647),
(657, 'Ultrices Industries', 'store', 'P.O. Box 191, 2492 Risus. Road', 1063581889, 'Vivamus@ante.org', 'quarterly', '5', 2147483647, 2147483647),
(658, 'Luctus Corporation', 'store', 'Ap #750-5908 Ullamcorper, Ave', 2147483647, 'dolor@et.net', 'biweekly', '5', 1766802199, 2147483647),
(659, 'Tempus Mauris Erat Ltd', 'licensee', '3042 Torquent Ave', 2147483647, 'per.conubia@orci.org', 'monthly', '7', 2147483647, 2147483647),
(660, 'Nunc Laoreet Associates', 'store', '7930 Non, Avenue', 2147483647, 'libero@non.co.uk', 'quarterly', '1', 2147483647, 2147483647),
(661, 'Nunc Laoreet Lectus Limited', 'store', '2132 Nec Rd.', 2147483647, 'tellus.Suspendisse@m', 'weekly', '6', 2147483647, 2147483647),
(662, 'Egestas Corp.', 'licensee', 'Ap #996-940 Duis Road', 2147483647, 'metus.In@feugiatplac', 'monthly', '7', 2147483647, 2147483647),
(663, 'Torquent Per Conubia LLC', 'licensee', '726-594 Nec, Avenue', 2147483647, 'rutrum.magna@maurisi', 'biweekly', '3', 2147483647, 2147483647),
(664, 'Morbi Sit Consulting', 'licensee', '1376 Sed Rd.', 2147483647, 'amet.risus@Phasellus', 'quarterly', '7', 2147483647, 2147483647),
(665, 'Mi Consulting', 'store', 'P.O. Box 248, 6782 Placerat, Rd.', 2147483647, 'et@amifringilla.com', 'weekly', '2', 2147483647, 2147483647),
(666, 'Mollis Foundation', 'store', '946 Ut Rd.', 2147483647, 'Phasellus.nulla.Inte', 'quarterly', '3', 2147483647, 2147483647),
(667, 'Nec Ante Inc.', 'licensee', 'Ap #477-2818 Vel Rd.', 2147483647, 'vel.mauris@est.com', 'quarterly', '7', 2147483647, 2147483647),
(668, 'Lorem Donec Corp.', 'licensee', 'P.O. Box 489, 8634 In Street', 2147483647, 'Duis@auctorullamcorp', 'monthly', '4', 2147483647, 2147483647),
(669, 'Vehicula Ltd', 'licensee', '9655 In St.', 2147483647, 'ac.orci.Ut@tincidunt', 'weekly', '6', 2147483647, 2147483647),
(670, 'Ridiculus Mus Consulting', 'licensee', '118-8706 Metus. Street', 2147483647, 'elit.Curabitur@sempe', 'quarterly', '5', 2147483647, 2147483647),
(671, 'Semper Erat Incorporated', 'licensee', '561-2471 Luctus, St.', 2147483647, 'ante@pedeSuspendisse', 'quarterly', '6', 2147483647, 2147483647),
(672, 'Eget Ipsum Inc.', 'licensee', 'P.O. Box 233, 8130 Ut, St.', 2147483647, 'Nulla.facilisi@feugi', 'biweekly', '2', 2147483647, 2147483647),
(673, 'Vel Lectus Cum Foundation', 'store', 'P.O. Box 644, 8269 Integer Rd.', 1679407613, 'mi.Aliquam.gravida@l', 'quarterly', '3', 2147483647, 2147483647),
(674, 'Nunc Sed Company', 'store', '5343 Sem. Rd.', 2147483647, 'vitae@id.ca', 'weekly', '3', 2147483647, 2147483647),
(675, 'A Industries', 'store', 'Ap #159-9382 Quisque St.', 2147483647, 'risus.varius@liberoe', 'quarterly', '1', 2147483647, 2147483647),
(676, 'In Inc.', 'licensee', 'Ap #851-5264 Odio. Rd.', 1267279896, 'fringilla.euismod@Mo', 'monthly', '6', 2147483647, 2147483647),
(677, 'Tempus PC', 'store', '718-2437 Sem Road', 2037764723, 'et.risus.Quisque@Nul', 'biweekly', '4', 2147483647, 2147483647),
(678, 'Sodales Foundation', 'licensee', '388-6238 Velit. St.', 2147483647, 'lacus.Nulla.tincidun', 'weekly', '7', 2147483647, 2147483647),
(679, 'Tempor PC', 'store', 'Ap #603-1257 Rhoncus. St.', 2147483647, 'condimentum@Cras.com', 'quarterly', '7', 2147483647, 2147483647),
(680, 'Et Corp.', 'licensee', 'P.O. Box 380, 4407 Cursus Avenue', 1495248972, 'enim.consequat.purus', 'quarterly', '7', 2147483647, 2147483647),
(681, 'Nec Institute', 'licensee', '4500 Auctor Avenue', 2147483647, 'Cras.sed.leo@nibhdol', 'quarterly', '4', 2147483647, 2147483647),
(682, 'Vitae Sodales LLP', 'store', '4386 Eu Street', 1469432903, 'urna.Vivamus.molesti', 'quarterly', '3', 2147483647, 2147483647),
(683, 'Tempor Erat Neque Industries', 'licensee', 'Ap #720-6427 Taciti St.', 2147483647, 'augue.eu.tellus@risu', 'monthly', '5', 2147483647, 2147483647),
(684, 'Ante Dictum LLC', 'store', '849-8658 Dictum Street', 2140688451, 'vulputate@estacfacil', 'weekly', '2', 2147483647, 2147483647),
(685, 'Nonummy Industries', 'licensee', 'P.O. Box 844, 3118 Ridiculus Street', 78887161, 'nisi.Mauris.nulla@pl', 'quarterly', '2', 2147483647, 2147483647),
(686, 'Aliquam Iaculis Lacus Associat', 'licensee', 'Ap #324-9087 Integer Av.', 2147483647, 'nec.quam@massa.ca', 'biweekly', '1', 2147483647, 2147483647),
(687, 'Est Foundation', 'store', '7229 Eu St.', 2147483647, 'eu.eros@laciniaSedco', 'quarterly', '7', 2147483647, 2147483647),
(688, 'Dis Parturient Inc.', 'store', 'P.O. Box 884, 1248 Molestie Rd.', 2147483647, 'pellentesque.eget@nu', 'weekly', '6', 2147483647, 2147483647),
(689, 'Ornare Fusce Mollis Foundation', 'store', '952-4900 Elementum Road', 2147483647, 'lacus@at.edu', 'quarterly', '6', 2147483647, 2147483647),
(690, 'Dis Parturient Montes Associat', 'store', 'Ap #412-3693 Semper Street', 2147483647, 'neque@augue.co.uk', 'biweekly', '1', 2147483647, 2147483647),
(691, 'Dolor LLC', 'store', 'P.O. Box 462, 7336 Fermentum Av.', 2147483647, 'volutpat.ornare@Susp', 'biweekly', '6', 2147483647, 2147483647),
(692, 'Convallis Est Limited', 'store', '470-9802 Nunc St.', 2147483647, 'vel.sapien@Aliquamad', 'quarterly', '5', 2147483647, 2147483647),
(693, 'Elementum Lorem Ut Foundation', 'store', '9284 Ad Av.', 2147483647, 'inceptos@bibendumull', 'quarterly', '5', 2147483647, 2147483647),
(694, 'Tempus Non Lacinia Company', 'store', '742-6344 Proin Avenue', 2147483647, 'dolor.Donec.fringill', 'biweekly', '1', 2147483647, 2147483647),
(695, 'Turpis Non Enim Foundation', 'licensee', '7577 Aliquet Av.', 2147483647, 'justo.sit.amet@mauri', 'monthly', '3', 2147483647, 2147483647),
(696, 'Eget Lacus Institute', 'licensee', '8565 Donec St.', 2147483647, 'Phasellus@Donecnibh.', 'weekly', '7', 2147483647, 2147483647),
(697, 'Id Company', 'licensee', 'Ap #334-9360 Proin Rd.', 2147483647, 'diam.eu.dolor@mauris', 'biweekly', '1', 2147483647, 2147483647),
(698, 'Sed Sem Corporation', 'licensee', '314-1212 Tellus Street', 2147483647, 'interdum.Sed.auctor@', 'biweekly', '5', 2147483647, 2147483647),
(699, 'Eu Lacus Quisque Ltd', 'licensee', 'Ap #847-3272 Quis, Ave', 1492879948, 'sodales.elit.erat@ri', 'monthly', '3', 2147483647, 2147483647),
(700, 'Facilisi Sed Consulting', 'store', '483-6308 Felis, Rd.', 2147483647, 'montes.nascetur@hyme', 'monthly', '7', 2147483647, 2147483647);

-- --------------------------------------------------------

--
-- Table structure for table `delivery`
--

CREATE TABLE `delivery` (
  `id` int(8) NOT NULL,
  `datetime` datetime NOT NULL
) ENGINE=InnoDB DEFAULT CHARSET=utf8mb4;

--
-- Dumping data for table `delivery`
--

INSERT INTO `delivery` (`id`, `datetime`) VALUES
(1, '2021-01-21 12:40:30'),
(2, '2021-01-14 14:57:38'),
(3, '2020-05-19 17:49:23'),
(4, '2021-01-04 17:48:54'),
(5, '2020-08-02 06:03:07'),
(6, '2020-05-14 07:41:53'),
(7, '2020-10-11 07:14:41'),
(8, '2020-03-20 09:10:06'),
(9, '2020-12-09 21:30:03'),
(10, '2020-11-13 02:40:31'),
(11, '2020-10-06 06:04:57'),
(12, '2020-11-10 23:07:52'),
(13, '2020-09-26 12:21:48'),
(14, '2020-04-30 14:11:26'),
(15, '2021-01-21 03:49:27'),
(16, '2020-04-09 14:23:52'),
(17, '2021-03-11 22:59:25'),
(18, '2020-07-31 14:55:05'),
(19, '2020-11-11 22:35:00'),
(20, '2021-02-22 22:44:52'),
(21, '2021-01-13 06:52:33'),
(22, '2021-01-03 19:53:28'),
(23, '2020-08-08 09:05:27'),
(24, '2020-05-03 15:18:06'),
(25, '2021-01-27 08:17:39'),
(26, '2020-03-22 09:37:32'),
(27, '2020-07-20 23:31:07'),
(28, '2020-09-02 22:35:27'),
(29, '2020-04-19 06:11:32'),
(30, '2020-12-03 19:47:14'),
(31, '2020-06-10 01:32:11'),
(32, '2020-12-17 09:54:28'),
(33, '2020-12-14 04:57:24'),
(34, '2020-05-23 19:52:33'),
(35, '2021-03-20 20:49:26'),
(36, '2020-12-30 17:54:50'),
(37, '2020-05-20 17:08:00'),
(38, '2020-10-31 19:10:22'),
(39, '2020-05-12 13:48:25'),
(40, '2020-06-12 23:15:45'),
(41, '2020-06-14 16:28:55'),
(42, '2020-06-07 20:46:57'),
(43, '2020-03-31 18:32:06'),
(44, '2020-09-04 09:00:00'),
(45, '2020-12-23 16:08:49'),
(46, '2020-04-05 16:17:41'),
(47, '2020-11-07 11:46:47'),
(48, '2020-09-03 00:14:06'),
(49, '2020-06-16 18:57:47'),
(50, '2020-06-14 08:08:50'),
(51, '2020-03-16 22:52:02'),
(52, '2021-02-02 07:42:31'),
(53, '2020-09-12 17:30:04'),
(54, '2020-05-19 14:10:45'),
(55, '2020-08-22 00:55:36'),
(56, '2020-11-15 05:11:29'),
(57, '2020-07-18 22:55:51'),
(58, '2020-08-30 16:13:35'),
(59, '2020-07-01 05:06:52'),
(60, '2020-09-07 06:14:59'),
(61, '2020-09-06 10:46:55'),
(62, '2021-01-05 01:46:06'),
(63, '2020-03-15 00:43:27'),
(64, '2020-06-24 20:00:12'),
(65, '2020-08-29 09:54:28'),
(66, '2020-11-13 07:34:46'),
(67, '2020-04-25 17:42:40'),
(68, '2020-10-27 06:07:18'),
(69, '2020-10-18 05:11:02'),
(70, '2020-08-20 19:08:34'),
(71, '2020-05-13 16:14:45'),
(72, '2020-10-13 16:06:50'),
(73, '2020-05-22 08:51:38'),
(74, '2020-03-25 13:46:05'),
(75, '2021-01-17 23:49:12'),
(76, '2020-05-11 05:31:08'),
(77, '2020-11-01 01:52:53'),
(78, '2020-03-16 03:12:25'),
(79, '2020-12-08 21:08:34'),
(80, '2020-06-27 06:54:42'),
(81, '2020-10-26 20:23:40'),
(82, '2020-05-06 21:02:28'),
(83, '2021-01-07 03:13:14'),
(84, '2020-09-01 10:38:45'),
(85, '2020-07-15 01:31:39'),
(86, '2021-01-15 22:24:39'),
(87, '2020-06-12 07:47:07'),
(88, '2021-01-31 15:42:51'),
(89, '2020-08-04 21:30:58'),
(90, '2020-03-21 20:31:15'),
(91, '2020-09-16 01:45:24'),
(92, '2020-12-02 18:11:14'),
(93, '2020-06-06 19:58:12'),
(94, '2020-05-23 15:28:02'),
(95, '2020-08-28 13:03:35'),
(96, '2020-04-10 20:31:49'),
(97, '2020-08-30 19:55:13'),
(98, '2020-04-12 07:17:35'),
(99, '2021-01-30 13:42:44'),
(100, '2020-11-06 17:02:58'),
(101, '2020-08-15 14:36:17'),
(102, '2020-05-19 10:03:47'),
(103, '2020-11-25 14:36:44'),
(104, '2020-12-18 02:12:08'),
(105, '2020-05-06 19:46:17'),
(106, '2020-07-30 02:35:04'),
(107, '2021-03-13 03:17:37'),
(108, '2020-10-13 06:47:27'),
(109, '2020-06-28 20:58:24'),
(110, '2020-09-18 11:26:07'),
(111, '2020-05-28 09:15:05'),
(112, '2020-12-05 09:49:58'),
(113, '2021-01-25 08:28:01'),
(114, '2020-03-24 13:01:26'),
(115, '2020-11-21 20:00:01'),
(116, '2020-10-03 01:25:52'),
(117, '2020-10-23 16:51:41'),
(118, '2021-03-14 18:19:40'),
(119, '2020-05-23 16:05:58'),
(120, '2020-08-08 22:16:01'),
(121, '2020-12-06 17:17:19'),
(122, '2020-11-03 13:50:13'),
(123, '2020-05-23 14:08:52'),
(124, '2020-05-16 02:54:24'),
(125, '2020-09-21 08:30:51'),
(126, '2020-11-07 01:12:28'),
(127, '2021-02-27 23:26:11'),
(128, '2020-08-19 07:31:20'),
(129, '2021-01-20 09:33:20'),
(130, '2021-02-11 04:45:11'),
(131, '2020-04-25 21:39:08'),
(132, '2020-12-16 14:41:51'),
(133, '2020-11-23 12:10:46'),
(134, '2020-12-10 21:56:34'),
(135, '2020-11-18 06:46:12'),
(136, '2021-01-01 16:10:45'),
(137, '2021-02-24 08:47:30'),
(138, '2020-10-28 09:01:16'),
(139, '2020-11-27 06:36:12'),
(140, '2020-08-02 12:01:40'),
(141, '2021-01-22 18:37:56'),
(142, '2020-07-05 19:50:26'),
(143, '2021-02-17 20:34:16'),
(144, '2020-07-28 16:45:28'),
(145, '2020-05-06 19:05:23'),
(146, '2020-08-04 03:23:16'),
(147, '2020-08-14 22:01:37'),
(148, '2020-04-18 14:48:31'),
(149, '2020-06-01 19:52:04'),
(150, '2020-06-11 16:42:04'),
(151, '2020-04-21 19:38:06'),
(152, '2021-02-11 04:19:27'),
(153, '2020-12-14 23:20:50'),
(154, '2021-01-03 03:40:54'),
(155, '2020-10-02 00:32:12'),
(156, '2020-05-24 04:15:53'),
(157, '2020-09-30 02:42:28'),
(158, '2020-03-21 08:19:51'),
(159, '2020-06-02 06:59:05'),
(160, '2020-11-28 02:13:10'),
(161, '2020-03-13 12:59:13'),
(162, '2020-08-05 20:30:54'),
(163, '2020-05-06 06:38:29'),
(164, '2020-09-29 21:12:36'),
(165, '2020-07-28 05:57:07'),
(166, '2020-04-11 08:07:02'),
(167, '2020-05-18 04:32:58'),
(168, '2020-11-21 01:25:06'),
(169, '2020-03-10 19:27:54'),
(170, '2020-10-29 17:47:12'),
(171, '2020-12-28 22:00:04'),
(172, '2020-09-11 20:36:19'),
(173, '2020-09-21 12:55:11'),
(174, '2020-08-18 21:03:44'),
(175, '2020-08-11 20:02:50'),
(176, '2020-09-05 22:48:24'),
(177, '2020-03-05 02:00:25'),
(178, '2021-01-14 04:40:07'),
(179, '2020-12-09 20:32:03'),
(180, '2020-08-18 00:09:59'),
(181, '2020-07-16 18:21:58'),
(182, '2020-09-30 01:53:38'),
(183, '2020-05-04 03:03:44'),
(184, '2020-11-15 11:21:26'),
(185, '2020-07-31 07:46:54'),
(186, '2020-08-20 04:50:06'),
(187, '2020-06-11 07:35:54'),
(188, '2020-04-27 07:32:26'),
(189, '2020-12-25 10:52:31'),
(190, '2020-05-28 12:31:43'),
(191, '2021-03-11 13:30:36'),
(192, '2020-07-06 07:27:43'),
(193, '2020-06-09 09:29:50'),
(194, '2021-02-09 20:35:29'),
(195, '2020-06-11 17:43:06'),
(196, '2020-12-12 18:40:10'),
(197, '2020-07-28 10:47:17'),
(198, '2021-01-26 19:19:15'),
(199, '2020-04-15 10:11:45'),
(200, '2020-06-01 14:00:47'),
(201, '2020-10-04 08:52:18'),
(202, '2020-08-07 10:53:20'),
(203, '2020-08-31 10:29:23'),
(204, '2020-12-11 22:44:00'),
(205, '2020-03-03 17:53:22'),
(206, '2020-03-01 20:03:59'),
(207, '2020-09-28 23:12:12'),
(208, '2021-01-29 23:47:12'),
(209, '2020-11-11 10:52:14'),
(210, '2020-09-08 22:05:47'),
(211, '2020-03-04 03:28:51'),
(212, '2020-05-16 23:29:46'),
(213, '2020-05-28 12:01:24'),
(214, '2020-11-20 10:59:27'),
(215, '2020-12-25 00:25:47'),
(216, '2020-05-12 18:03:57'),
(217, '2020-03-01 10:52:53'),
(218, '2020-12-01 11:06:46'),
(219, '2020-03-23 03:24:39'),
(220, '2020-08-11 03:38:39'),
(221, '2020-08-28 15:02:12'),
(222, '2020-10-11 16:55:00'),
(223, '2020-03-25 09:29:02'),
(224, '2020-08-13 15:23:58'),
(225, '2021-01-28 20:41:35'),
(226, '2020-05-14 11:45:04'),
(227, '2020-10-07 14:45:53'),
(228, '2021-02-08 16:43:50'),
(229, '2021-01-22 03:33:39'),
(230, '2020-03-19 20:35:03'),
(231, '2020-07-05 13:09:25'),
(232, '2020-09-18 14:33:22'),
(233, '2020-08-20 02:10:46'),
(234, '2020-06-21 21:07:42'),
(235, '2020-12-05 12:09:33'),
(236, '2020-08-19 00:06:11'),
(237, '2021-02-03 01:36:42'),
(238, '2020-08-30 16:11:00'),
(239, '2020-08-02 08:40:36'),
(240, '2020-09-10 00:04:38'),
(241, '2020-05-26 08:51:49'),
(242, '2021-01-07 03:12:21'),
(243, '2020-12-22 15:42:57'),
(244, '2020-07-09 23:35:33'),
(245, '2020-04-25 19:58:36'),
(246, '2020-11-04 13:20:32'),
(247, '2020-09-16 15:55:50'),
(248, '2020-08-03 01:13:52'),
(249, '2020-03-19 07:13:26'),
(250, '2021-01-04 06:09:14'),
(251, '2020-11-12 13:32:33'),
(252, '2020-09-24 15:32:18'),
(253, '2020-03-30 17:16:29'),
(254, '2021-03-14 05:15:18'),
(255, '2020-08-19 21:27:01'),
(256, '2020-06-06 10:38:14'),
(257, '2021-01-28 21:58:10'),
(258, '2020-08-23 19:40:55'),
(259, '2020-03-04 06:19:55'),
(260, '2021-01-15 15:22:58'),
(261, '2020-03-26 19:03:52'),
(262, '2020-05-18 19:45:44'),
(263, '2020-04-30 04:47:15'),
(264, '2020-04-14 04:38:02'),
(265, '2020-09-12 01:29:14'),
(266, '2020-10-17 08:06:17'),
(267, '2021-03-10 09:29:45'),
(268, '2020-08-25 17:19:32'),
(269, '2021-01-11 06:56:45'),
(270, '2020-05-10 09:38:47'),
(271, '2020-12-10 14:56:33'),
(272, '2020-03-30 09:10:18'),
(273, '2021-01-24 02:44:01'),
(274, '2021-02-22 11:24:18'),
(275, '2020-08-09 15:54:02'),
(276, '2021-03-06 02:54:25'),
(277, '2020-05-23 15:03:50'),
(278, '2020-09-30 01:58:06'),
(279, '2020-11-15 05:11:41'),
(280, '2020-11-01 00:56:02'),
(281, '2020-12-21 04:59:59'),
(282, '2020-05-01 23:55:32'),
(283, '2020-11-01 01:48:58'),
(284, '2020-04-24 22:04:47'),
(285, '2021-01-28 18:14:55'),
(286, '2020-05-09 07:42:51'),
(287, '2020-07-20 06:55:52'),
(288, '2020-05-09 07:01:16'),
(289, '2020-04-15 08:21:35'),
(290, '2020-12-17 14:28:04'),
(291, '2020-06-28 13:01:17'),
(292, '2020-03-29 06:43:06'),
(293, '2021-01-20 18:42:29'),
(294, '2021-01-30 03:43:44'),
(295, '2021-02-25 04:36:02'),
(296, '2020-09-10 12:45:51'),
(297, '2021-03-04 10:05:49'),
(298, '2020-12-13 15:26:51'),
(299, '2020-08-11 02:37:18'),
(300, '2020-04-03 06:18:06'),
(301, '2020-09-18 06:36:27'),
(302, '2020-09-05 19:25:05'),
(303, '2020-11-19 17:02:57'),
(304, '2020-07-13 21:07:13'),
(305, '2021-02-05 03:39:43'),
(306, '2020-07-21 06:23:56'),
(307, '2020-03-12 06:12:09'),
(308, '2020-11-07 03:42:00'),
(309, '2020-08-18 16:10:02'),
(310, '2020-05-31 15:30:36'),
(311, '2020-10-24 11:12:06'),
(312, '2020-10-06 20:09:35'),
(313, '2020-05-09 05:56:16'),
(314, '2020-04-24 12:44:48'),
(315, '2020-05-22 23:25:52'),
(316, '2020-07-16 16:19:44'),
(317, '2020-09-04 14:17:17'),
(318, '2020-05-02 03:45:40'),
(319, '2020-10-23 19:36:59'),
(320, '2021-02-13 06:22:25'),
(321, '2020-05-25 08:38:53'),
(322, '2020-07-10 13:54:00'),
(323, '2020-06-09 20:02:32'),
(324, '2020-05-27 23:48:45'),
(325, '2021-01-17 10:29:33'),
(326, '2021-03-18 08:08:47'),
(327, '2020-08-04 19:00:23'),
(328, '2020-07-03 04:58:49'),
(329, '2020-06-11 16:28:38'),
(330, '2020-07-30 15:16:42'),
(331, '2020-04-08 10:24:43'),
(332, '2021-01-14 05:44:16'),
(333, '2020-08-08 15:30:01'),
(334, '2020-09-17 07:24:34'),
(335, '2020-08-02 17:04:11'),
(336, '2020-10-26 15:22:51'),
(337, '2021-03-15 13:37:23'),
(338, '2021-03-19 17:37:32'),
(339, '2020-06-29 21:40:30'),
(340, '2020-07-05 16:48:52'),
(341, '2020-05-02 00:57:01'),
(342, '2020-12-17 16:43:06'),
(343, '2021-02-23 07:00:14'),
(344, '2020-08-10 05:30:15'),
(345, '2020-12-02 04:54:25'),
(346, '2020-04-07 04:36:22'),
(347, '2020-04-21 23:49:43'),
(348, '2020-10-03 11:38:14'),
(349, '2020-07-21 19:46:03'),
(350, '2021-02-03 04:05:09'),
(351, '2020-11-13 09:46:18'),
(352, '2020-11-27 21:02:56'),
(353, '2020-12-07 16:03:15'),
(354, '2020-03-22 06:56:48'),
(355, '2020-05-03 19:11:09'),
(356, '2020-09-27 19:59:19'),
(357, '2020-04-06 01:10:15'),
(358, '2020-09-02 06:18:08'),
(359, '2020-12-08 22:07:06'),
(360, '2020-03-06 06:56:19'),
(361, '2020-03-08 22:06:29'),
(362, '2020-09-21 22:39:38'),
(363, '2020-04-29 10:00:26'),
(364, '2020-06-28 08:24:31'),
(365, '2020-06-15 10:13:48'),
(366, '2021-03-16 00:06:35'),
(367, '2020-07-23 07:09:00'),
(368, '2020-08-09 13:49:04'),
(369, '2020-11-16 12:15:55'),
(370, '2020-11-11 19:25:10'),
(371, '2020-05-31 00:31:17'),
(372, '2020-04-03 13:57:21'),
(373, '2020-06-25 10:39:22'),
(374, '2021-02-22 10:07:33'),
(375, '2020-08-14 07:01:42'),
(376, '2021-01-23 22:34:28'),
(377, '2020-03-25 03:32:25'),
(378, '2020-05-01 02:24:58'),
(379, '2020-11-30 20:24:35'),
(380, '2020-10-01 06:11:53'),
(381, '2020-03-03 19:45:11'),
(382, '2021-02-23 21:55:38'),
(383, '2020-07-17 04:07:51'),
(384, '2020-11-22 20:10:37'),
(385, '2020-07-15 12:54:52'),
(386, '2020-10-24 02:03:50'),
(387, '2020-12-20 07:45:07'),
(388, '2020-07-19 01:04:57'),
(389, '2020-12-31 02:17:30'),
(390, '2020-12-15 01:55:13'),
(391, '2021-03-19 08:13:07'),
(392, '2020-12-21 12:35:21'),
(393, '2020-09-13 17:27:00'),
(394, '2020-04-02 08:37:04'),
(395, '2020-06-01 22:30:33'),
(396, '2020-06-13 12:16:34'),
(397, '2020-05-20 13:10:39'),
(398, '2020-08-10 00:54:29'),
(399, '2020-08-11 05:20:54'),
(400, '2020-03-05 09:51:41'),
(401, '2020-03-19 15:57:20'),
(402, '2020-07-28 04:11:19'),
(403, '2020-06-23 00:51:38'),
(404, '2020-06-05 23:20:11'),
(405, '2020-12-23 08:12:49'),
(406, '2020-05-31 08:27:05'),
(407, '2021-02-22 13:46:03'),
(408, '2020-08-03 19:34:25'),
(409, '2020-11-23 14:18:15'),
(410, '2021-03-04 08:39:19'),
(411, '2020-10-25 08:08:43'),
(412, '2020-03-11 10:36:52'),
(413, '2020-09-21 11:56:02'),
(414, '2020-09-01 00:47:13'),
(415, '2021-02-27 12:32:36'),
(416, '2020-10-27 18:02:51'),
(417, '2020-08-15 14:46:35'),
(418, '2020-03-09 06:15:06'),
(419, '2021-02-21 09:01:30'),
(420, '2020-08-15 04:49:53'),
(421, '2020-07-13 20:30:03'),
(422, '2020-10-15 03:22:30'),
(423, '2020-04-27 12:47:50'),
(424, '2020-12-28 04:26:32'),
(425, '2021-03-15 13:49:22'),
(426, '2020-10-20 01:57:19'),
(427, '2020-04-08 14:34:20'),
(428, '2020-08-12 17:40:02'),
(429, '2020-11-06 19:46:49'),
(430, '2020-09-13 10:37:47'),
(431, '2021-02-04 23:45:25'),
(432, '2021-01-04 16:32:21'),
(433, '2020-09-17 14:29:30'),
(434, '2020-04-03 22:40:01'),
(435, '2020-03-12 19:23:55'),
(436, '2020-10-18 18:39:23'),
(437, '2021-02-26 10:09:45'),
(438, '2020-09-08 18:54:47'),
(439, '2020-03-10 06:59:38'),
(440, '2020-11-13 19:28:11'),
(441, '2021-03-05 05:31:41'),
(442, '2020-07-18 02:04:08'),
(443, '2020-12-29 00:17:35'),
(444, '2020-10-06 09:23:23'),
(445, '2020-04-11 05:49:25'),
(446, '2020-05-03 16:56:45'),
(447, '2021-02-24 22:56:52'),
(448, '2020-09-23 05:52:49'),
(449, '2020-09-25 08:03:40'),
(450, '2020-09-20 04:41:47'),
(451, '2020-09-18 05:10:16'),
(452, '2021-03-06 04:24:53'),
(453, '2020-12-15 23:43:59'),
(454, '2020-08-22 22:08:16'),
(455, '2020-05-09 11:38:03'),
(456, '2020-12-25 01:11:01'),
(457, '2020-11-08 12:34:13'),
(458, '2020-10-05 17:42:54'),
(459, '2020-09-11 07:10:56'),
(460, '2020-09-25 02:04:38'),
(461, '2020-05-29 14:35:41'),
(462, '2020-11-11 05:11:07'),
(463, '2020-04-19 17:23:59'),
(464, '2020-03-26 11:17:56'),
(465, '2020-08-28 16:45:06'),
(466, '2020-08-08 08:44:22'),
(467, '2020-12-22 19:41:45'),
(468, '2020-12-21 18:29:44'),
(469, '2020-09-17 13:43:13'),
(470, '2020-05-08 13:00:04'),
(471, '2020-09-18 05:57:37'),
(472, '2020-10-10 04:07:13'),
(473, '2020-07-14 23:51:57'),
(474, '2020-12-25 09:28:23'),
(475, '2021-01-17 16:39:34'),
(476, '2020-10-27 11:40:12'),
(477, '2021-03-08 04:26:28'),
(478, '2020-10-29 15:31:01'),
(479, '2020-03-20 08:09:27'),
(480, '2020-09-07 16:59:59'),
(481, '2020-09-21 16:51:41'),
(482, '2020-07-06 16:20:34'),
(483, '2020-05-29 22:18:00'),
(484, '2020-08-22 18:13:36'),
(485, '2020-07-02 11:03:45'),
(486, '2020-04-14 01:28:16'),
(487, '2021-01-26 18:00:44'),
(488, '2020-06-02 15:30:27'),
(489, '2020-03-27 10:38:53'),
(490, '2020-05-29 13:22:44'),
(491, '2021-02-11 19:54:09'),
(492, '2020-08-02 03:41:02'),
(493, '2021-01-10 20:57:08'),
(494, '2020-07-13 09:58:42'),
(495, '2020-08-11 15:47:03'),
(496, '2020-08-17 08:26:37'),
(497, '2020-10-04 10:32:09'),
(498, '2020-04-11 02:05:03'),
(499, '2020-12-18 01:57:24'),
(500, '2020-08-11 01:41:24'),
(501, '2020-11-19 14:10:29'),
(502, '2020-10-12 00:19:11'),
(503, '2020-12-14 15:08:19'),
(504, '2021-02-14 13:28:50'),
(505, '2020-08-19 23:25:35'),
(506, '2020-09-11 14:35:54'),
(507, '2020-09-04 11:02:40'),
(508, '2020-06-30 10:04:47'),
(509, '2020-11-24 06:00:57'),
(510, '2020-05-17 15:33:36'),
(511, '2020-08-13 05:52:46'),
(512, '2020-12-22 10:39:16'),
(513, '2020-12-13 11:20:29'),
(514, '2020-05-14 09:45:27'),
(515, '2020-12-12 10:17:12'),
(516, '2020-09-12 10:11:56'),
(517, '2020-11-19 14:31:37'),
(518, '2020-11-04 18:47:58'),
(519, '2021-02-17 15:16:29'),
(520, '2021-01-04 03:12:41'),
(521, '2020-04-29 02:28:42'),
(522, '2020-04-26 01:44:24'),
(523, '2020-09-16 03:33:34'),
(524, '2020-06-20 03:17:50'),
(525, '2020-03-18 21:45:21'),
(526, '2020-04-18 00:06:53'),
(527, '2020-10-14 16:42:49'),
(528, '2021-03-09 17:07:30'),
(529, '2021-01-15 12:42:18'),
(530, '2020-08-10 17:15:05'),
(531, '2020-12-23 19:42:59'),
(532, '2020-08-11 23:58:58'),
(533, '2020-11-13 09:46:02'),
(534, '2020-08-24 19:17:14'),
(535, '2021-02-18 01:53:56'),
(536, '2020-03-25 22:05:07'),
(537, '2021-03-04 02:17:44'),
(538, '2021-02-01 19:20:58'),
(539, '2020-06-13 08:13:24'),
(540, '2020-09-29 12:44:23'),
(541, '2020-12-18 12:40:52'),
(542, '2020-05-02 20:12:05'),
(543, '2021-02-02 10:05:43'),
(544, '2020-09-23 04:47:07'),
(545, '2020-03-13 10:56:20'),
(546, '2020-06-20 13:38:41'),
(547, '2020-06-10 22:31:33'),
(548, '2021-01-23 05:12:31'),
(549, '2020-11-16 05:12:21'),
(550, '2020-06-23 06:19:31'),
(551, '2020-09-04 16:58:15'),
(552, '2020-04-12 19:58:37'),
(553, '2020-11-02 08:08:32'),
(554, '2020-12-21 09:33:33'),
(555, '2020-07-16 02:00:11'),
(556, '2020-08-09 19:03:07'),
(557, '2020-08-20 14:02:10'),
(558, '2020-09-28 02:29:36'),
(559, '2021-01-30 10:06:30'),
(560, '2020-10-03 22:37:23'),
(561, '2020-06-05 15:36:04'),
(562, '2020-11-18 10:43:09'),
(563, '2021-02-11 16:13:37'),
(564, '2021-02-12 13:03:38'),
(565, '2021-03-12 03:40:35'),
(566, '2020-07-15 14:22:17'),
(567, '2020-08-16 06:42:09'),
(568, '2021-02-23 13:26:03'),
(569, '2021-02-07 23:12:37'),
(570, '2020-11-07 18:32:11'),
(571, '2020-07-28 08:11:13'),
(572, '2020-08-01 06:23:35'),
(573, '2020-12-19 17:53:57'),
(574, '2020-12-10 05:14:24'),
(575, '2020-04-12 16:11:13'),
(576, '2020-10-18 18:56:29'),
(577, '2020-12-31 15:06:36'),
(578, '2020-03-21 22:42:20'),
(579, '2020-11-29 12:33:03'),
(580, '2020-09-07 10:34:02'),
(581, '2020-07-11 00:08:01'),
(582, '2020-09-23 09:11:17'),
(583, '2020-03-06 04:03:47'),
(584, '2021-01-22 09:43:22'),
(585, '2020-09-08 15:10:00'),
(586, '2020-12-06 11:57:23'),
(587, '2021-02-08 13:06:14'),
(588, '2021-03-10 15:20:45'),
(589, '2020-08-26 19:26:20'),
(590, '2020-03-28 02:48:38'),
(591, '2020-06-16 14:32:44'),
(592, '2021-01-26 21:09:02'),
(593, '2020-07-27 14:50:12'),
(594, '2020-05-22 01:11:56'),
(595, '2021-02-08 01:46:46'),
(596, '2020-08-25 15:17:06'),
(597, '2020-07-31 02:50:14'),
(598, '2020-04-19 07:34:05'),
(599, '2020-06-09 22:04:43'),
(600, '2020-11-28 04:42:05'),
(601, '2020-08-11 01:40:11'),
(602, '2021-02-12 02:25:14'),
(603, '2020-10-11 22:22:54'),
(604, '2020-09-17 13:12:49'),
(605, '2020-05-20 08:17:12'),
(606, '2020-12-09 14:09:07'),
(607, '2021-02-13 21:47:55'),
(608, '2020-06-18 06:18:51'),
(609, '2020-11-26 13:35:08'),
(610, '2020-07-10 02:58:43'),
(611, '2020-12-14 01:59:59'),
(612, '2020-10-10 01:48:05'),
(613, '2020-12-16 15:07:00'),
(614, '2020-07-03 15:04:17'),
(615, '2020-07-24 23:49:29'),
(616, '2020-11-26 14:01:26'),
(617, '2020-05-14 10:15:55'),
(618, '2021-02-24 12:11:35'),
(619, '2020-10-05 22:06:29'),
(620, '2020-08-12 23:39:23'),
(621, '2020-10-01 06:30:30'),
(622, '2020-11-14 21:29:24'),
(623, '2020-11-10 08:40:44'),
(624, '2020-05-30 23:16:07'),
(625, '2020-12-07 23:31:08'),
(626, '2020-06-13 19:58:56'),
(627, '2020-05-09 07:16:12'),
(628, '2020-09-20 18:26:39'),
(629, '2020-12-05 15:30:46'),
(630, '2021-01-16 06:35:31'),
(631, '2020-05-02 02:01:23'),
(632, '2020-11-26 01:15:25'),
(633, '2020-03-30 02:15:11'),
(634, '2020-07-26 11:22:47'),
(635, '2021-02-04 01:19:05'),
(636, '2020-12-28 12:55:38'),
(637, '2020-12-10 00:45:35'),
(638, '2020-09-01 14:52:41'),
(639, '2020-08-15 13:59:52'),
(640, '2020-11-12 08:26:07'),
(641, '2020-11-22 13:07:37'),
(642, '2021-02-16 02:12:23'),
(643, '2021-01-04 21:58:11'),
(644, '2020-12-12 14:42:49'),
(645, '2020-09-11 12:19:38'),
(646, '2020-07-07 21:48:56'),
(647, '2020-07-14 12:48:53'),
(648, '2020-03-29 18:20:07'),
(649, '2021-02-16 00:45:39'),
(650, '2020-10-13 08:46:48'),
(651, '2020-10-28 03:04:11'),
(652, '2020-10-11 11:12:37'),
(653, '2020-12-17 21:20:15'),
(654, '2020-06-09 01:52:30'),
(655, '2020-08-19 20:20:18'),
(656, '2020-12-27 23:57:00'),
(657, '2020-07-20 18:24:53'),
(658, '2021-01-16 19:26:55'),
(659, '2020-11-04 04:02:50'),
(660, '2020-09-28 18:49:46'),
(661, '2021-02-12 07:58:33'),
(662, '2020-05-31 02:08:32'),
(663, '2020-03-17 23:44:36'),
(664, '2020-05-03 13:45:00'),
(665, '2020-10-05 17:43:32'),
(666, '2020-06-01 02:27:20'),
(667, '2020-05-06 19:57:30'),
(668, '2020-05-27 12:14:49'),
(669, '2020-04-13 13:23:12'),
(670, '2020-03-31 15:50:44'),
(671, '2020-06-11 04:14:58'),
(672, '2021-03-13 09:45:43'),
(673, '2020-03-30 23:50:31'),
(674, '2020-06-08 17:55:26'),
(675, '2020-06-28 13:07:21'),
(676, '2020-05-03 05:22:47'),
(677, '2020-10-13 09:18:41'),
(678, '2020-06-10 07:14:11'),
(679, '2021-01-23 07:56:04'),
(680, '2020-12-29 04:03:56'),
(681, '2020-08-20 17:12:49'),
(682, '2020-09-10 16:55:41'),
(683, '2020-07-28 21:40:30'),
(684, '2021-02-06 21:52:26'),
(685, '2021-02-05 07:25:54'),
(686, '2020-10-08 18:21:16'),
(687, '2020-10-31 18:59:23'),
(688, '2020-08-23 23:04:09'),
(689, '2021-01-27 16:40:12'),
(690, '2020-11-27 12:55:36'),
(691, '2020-08-14 13:00:48'),
(692, '2020-12-29 08:01:45'),
(693, '2020-05-21 20:21:04'),
(694, '2020-08-19 05:27:12'),
(695, '2020-08-28 03:02:32'),
(696, '2020-12-22 18:22:52'),
(697, '2020-05-26 02:23:08'),
(698, '2021-02-28 11:56:11'),
(699, '2020-12-21 11:06:01'),
(700, '2020-12-04 21:40:29'),
(701, '2020-07-05 07:09:56'),
(702, '2020-03-31 06:54:16'),
(703, '2020-12-08 16:41:36'),
(704, '2021-03-15 21:47:28'),
(705, '2021-01-25 10:59:17'),
(706, '2020-06-10 09:16:49'),
(707, '2020-05-28 10:41:14'),
(708, '2020-11-24 06:48:25'),
(709, '2021-01-24 23:20:32'),
(710, '2021-01-15 19:00:34'),
(711, '2020-03-02 22:23:25'),
(712, '2020-10-29 00:33:56'),
(713, '2020-06-29 13:31:41'),
(714, '2020-07-17 18:04:07'),
(715, '2020-10-07 11:43:07'),
(716, '2020-06-23 17:08:53'),
(717, '2020-12-07 01:19:39'),
(718, '2021-02-06 07:54:54'),
(719, '2020-12-27 01:11:39'),
(720, '2020-09-21 07:00:43'),
(721, '2020-10-28 03:20:46'),
(722, '2020-03-16 04:32:24'),
(723, '2020-03-20 08:00:30'),
(724, '2021-01-01 10:58:13'),
(725, '2020-05-13 05:32:54'),
(726, '2020-04-01 16:49:51'),
(727, '2020-11-29 15:15:19'),
(728, '2020-06-30 20:53:51'),
(729, '2021-02-14 02:48:47'),
(730, '2020-12-16 07:06:59'),
(731, '2020-10-21 00:16:37'),
(732, '2020-03-13 00:01:41'),
(733, '2020-10-15 02:16:48'),
(734, '2020-12-28 05:39:05'),
(735, '2020-06-09 23:17:46'),
(736, '2020-10-29 22:03:57'),
(737, '2021-01-04 05:53:03'),
(738, '2020-09-01 08:54:37'),
(739, '2020-05-21 10:06:29'),
(740, '2021-02-11 16:53:37'),
(741, '2020-09-20 11:30:14'),
(742, '2020-12-27 19:05:49'),
(743, '2020-07-09 09:51:33'),
(744, '2020-11-05 22:21:51'),
(745, '2020-04-13 08:34:25'),
(746, '2020-03-11 17:40:26'),
(747, '2020-07-29 08:54:59'),
(748, '2021-01-04 19:40:34'),
(749, '2021-01-24 05:31:28'),
(750, '2020-10-12 00:43:06'),
(751, '2021-01-31 01:24:39'),
(752, '2020-06-12 00:07:37'),
(753, '2020-06-08 15:08:34'),
(754, '2020-09-06 08:11:58'),
(755, '2020-12-01 17:45:46'),
(756, '2020-12-18 08:39:52'),
(757, '2021-03-07 20:08:39'),
(758, '2020-06-07 12:36:39'),
(759, '2020-08-24 20:26:46'),
(760, '2020-08-08 23:33:45'),
(761, '2021-03-22 06:17:13'),
(762, '2020-11-04 15:59:11'),
(763, '2020-06-14 23:21:18'),
(764, '2021-03-05 12:48:31'),
(765, '2020-08-13 00:13:08'),
(766, '2021-01-12 10:57:31'),
(767, '2020-11-24 13:43:25'),
(768, '2021-01-25 17:57:12'),
(769, '2020-07-07 13:23:43'),
(770, '2020-03-14 14:16:12'),
(771, '2020-12-05 19:26:36'),
(772, '2020-08-26 12:30:53'),
(773, '2020-06-23 16:33:44'),
(774, '2021-01-19 03:06:46'),
(775, '2020-08-31 09:10:37'),
(776, '2020-06-29 05:11:31'),
(777, '2020-09-14 06:58:08'),
(778, '2020-07-16 00:18:17'),
(779, '2020-07-18 12:16:06'),
(780, '2021-01-13 17:54:41'),
(781, '2020-11-05 02:36:07'),
(782, '2020-07-30 06:54:36'),
(783, '2020-11-24 07:11:27'),
(784, '2020-05-01 12:00:41'),
(785, '2020-06-21 16:26:21'),
(786, '2021-03-13 01:45:03'),
(787, '2020-09-13 06:16:01'),
(788, '2020-03-31 11:01:17'),
(789, '2020-08-23 11:09:18'),
(790, '2020-08-27 23:31:00'),
(791, '2020-11-28 02:54:23'),
(792, '2021-01-31 12:05:27'),
(793, '2020-12-11 11:38:22'),
(794, '2020-11-09 13:26:25'),
(795, '2020-03-08 19:03:53'),
(796, '2020-08-25 03:56:42'),
(797, '2020-03-16 14:18:28'),
(798, '2020-05-18 15:25:54'),
(799, '2020-03-20 18:19:54'),
(800, '2020-09-04 02:07:49'),
(801, '2020-04-25 07:25:02'),
(802, '2020-07-21 20:06:02'),
(803, '2020-04-14 19:13:15'),
(804, '2020-08-03 04:06:58'),
(805, '2020-09-13 11:28:32'),
(806, '2020-09-07 21:18:27'),
(807, '2020-11-29 02:39:11'),
(808, '2020-04-30 15:34:19'),
(809, '2020-07-06 13:34:49'),
(810, '2020-03-11 05:30:50'),
(811, '2020-12-12 15:45:02'),
(812, '2021-01-12 19:10:23'),
(813, '2021-03-01 03:07:56'),
(814, '2020-04-30 04:22:19'),
(815, '2020-05-09 08:17:55'),
(816, '2020-09-19 19:13:03'),
(817, '2020-10-22 09:47:59'),
(818, '2021-01-06 22:27:32'),
(819, '2021-01-24 17:13:36'),
(820, '2020-12-20 07:32:09'),
(821, '2020-12-22 11:50:47'),
(822, '2020-12-16 20:04:15'),
(823, '2020-09-13 17:35:40'),
(824, '2020-06-18 08:45:40'),
(825, '2020-10-20 16:55:46'),
(826, '2020-10-03 00:13:19'),
(827, '2020-03-02 15:34:06'),
(828, '2021-01-29 11:53:51'),
(829, '2020-05-18 15:42:27'),
(830, '2020-08-03 16:15:52'),
(831, '2020-12-14 11:58:54'),
(832, '2020-08-25 08:19:44'),
(833, '2020-11-03 13:18:53'),
(834, '2020-09-24 10:32:59'),
(835, '2020-05-10 22:02:35'),
(836, '2020-05-16 13:31:38'),
(837, '2020-09-19 18:50:04'),
(838, '2021-02-08 18:12:55'),
(839, '2020-09-27 14:15:58'),
(840, '2020-11-19 09:46:07'),
(841, '2020-09-08 16:56:38'),
(842, '2020-11-08 08:08:21'),
(843, '2020-12-20 01:58:20'),
(844, '2020-10-22 21:27:03'),
(845, '2020-05-09 14:36:44'),
(846, '2020-07-23 21:15:38'),
(847, '2020-10-31 17:10:48'),
(848, '2020-09-22 07:43:51'),
(849, '2020-07-15 11:07:38'),
(850, '2021-03-06 14:13:21'),
(851, '2020-06-07 01:46:50'),
(852, '2020-08-07 03:41:26'),
(853, '2020-04-05 08:19:08'),
(854, '2021-01-31 17:49:56'),
(855, '2020-10-05 01:46:08'),
(856, '2020-05-16 10:29:33'),
(857, '2020-09-29 23:05:41'),
(858, '2020-06-12 23:55:34'),
(859, '2020-12-22 06:11:35'),
(860, '2020-04-25 00:55:50'),
(861, '2020-11-07 15:25:08'),
(862, '2020-09-17 13:33:01'),
(863, '2020-04-08 18:32:23'),
(864, '2021-01-28 05:01:26'),
(865, '2020-03-13 17:55:13'),
(866, '2020-10-31 17:57:27'),
(867, '2020-09-09 08:17:47'),
(868, '2020-06-08 20:47:00'),
(869, '2020-09-11 15:31:02'),
(870, '2020-09-01 11:21:36'),
(871, '2020-10-20 15:01:04'),
(872, '2020-05-13 14:16:26'),
(873, '2020-03-14 09:15:34'),
(874, '2020-10-25 06:51:40'),
(875, '2020-08-15 17:49:03'),
(876, '2020-06-27 23:37:10'),
(877, '2020-10-08 15:51:18'),
(878, '2020-06-01 16:37:34'),
(879, '2020-03-15 05:56:30'),
(880, '2020-08-16 13:42:30'),
(881, '2021-01-28 20:54:46'),
(882, '2020-03-22 05:49:37'),
(883, '2020-11-14 03:25:58'),
(884, '2020-03-10 13:50:49'),
(885, '2021-02-24 08:57:06'),
(886, '2021-01-03 20:46:25'),
(887, '2020-04-18 05:50:16'),
(888, '2020-11-28 19:51:14'),
(889, '2020-09-26 14:50:26'),
(890, '2020-09-02 06:09:04'),
(891, '2020-08-25 09:29:40'),
(892, '2020-09-17 02:24:23'),
(893, '2021-02-26 11:17:46'),
(894, '2020-05-10 14:11:12'),
(895, '2020-09-26 19:22:16'),
(896, '2020-08-29 06:37:06'),
(897, '2020-10-23 07:40:53'),
(898, '2020-04-08 12:32:26'),
(899, '2020-10-11 01:14:39'),
(900, '2020-05-24 02:04:56'),
(901, '2020-05-04 11:45:48'),
(902, '2020-05-28 09:23:56'),
(903, '2020-04-15 23:46:45'),
(904, '2021-01-01 01:43:31'),
(905, '2020-05-12 00:09:08'),
(906, '2020-04-28 20:42:58'),
(907, '2020-05-10 16:33:16'),
(908, '2020-12-13 08:53:15'),
(909, '2020-08-16 08:01:05'),
(910, '2021-01-02 20:05:28'),
(911, '2020-11-29 17:44:40'),
(912, '2020-11-04 03:15:22'),
(913, '2020-09-17 05:46:28'),
(914, '2020-05-06 16:48:24'),
(915, '2021-03-02 02:16:01'),
(916, '2020-04-03 18:52:29'),
(917, '2020-07-13 07:56:59'),
(918, '2020-05-05 01:31:59'),
(919, '2020-11-19 06:37:11'),
(920, '2020-07-21 10:36:14'),
(921, '2021-01-05 22:57:25'),
(922, '2020-03-15 16:45:30'),
(923, '2020-06-12 19:26:03'),
(924, '2020-12-03 17:23:41'),
(925, '2021-02-11 15:57:54'),
(926, '2021-03-15 20:11:44'),
(927, '2020-03-14 11:17:53'),
(928, '2020-10-12 05:59:51'),
(929, '2020-09-10 03:37:26'),
(930, '2020-06-28 00:58:21'),
(931, '2020-03-16 01:57:29'),
(932, '2020-12-08 11:57:55'),
(933, '2021-01-22 13:56:18'),
(934, '2020-10-28 14:39:48'),
(935, '2020-07-25 19:26:15'),
(936, '2020-11-05 03:02:52'),
(937, '2021-01-27 01:52:52'),
(938, '2021-01-08 13:37:01'),
(939, '2020-12-22 21:35:44'),
(940, '2020-10-19 02:57:01'),
(941, '2021-03-10 13:54:02'),
(942, '2020-04-23 07:48:54'),
(943, '2020-11-29 10:33:46'),
(944, '2020-09-27 13:27:21'),
(945, '2020-09-06 23:22:11'),
(946, '2020-07-31 12:38:42'),
(947, '2020-05-09 17:24:41'),
(948, '2020-09-23 20:09:12'),
(949, '2020-07-17 21:48:32'),
(950, '2021-03-19 00:40:35'),
(951, '2020-12-19 09:08:28'),
(952, '2020-09-07 21:07:38'),
(953, '2020-07-25 07:01:32'),
(954, '2020-07-10 18:07:20'),
(955, '2021-01-21 07:26:35'),
(956, '2020-08-02 06:06:47'),
(957, '2020-12-06 16:49:19'),
(958, '2020-07-19 05:45:04'),
(959, '2020-12-25 14:53:42'),
(960, '2020-04-13 04:40:44'),
(961, '2021-02-01 16:39:16'),
(962, '2020-11-10 06:35:50'),
(963, '2020-11-26 14:56:52'),
(964, '2020-05-01 22:46:52'),
(965, '2020-08-09 04:38:57'),
(966, '2020-09-17 14:43:53'),
(967, '2020-12-07 04:15:40'),
(968, '2021-02-06 16:59:34'),
(969, '2020-12-04 18:27:37'),
(970, '2020-07-03 01:33:57'),
(971, '2020-11-14 23:22:21'),
(972, '2021-01-01 23:02:47'),
(973, '2020-04-29 20:54:02'),
(974, '2021-01-29 17:17:55'),
(975, '2020-09-27 22:44:16'),
(976, '2020-04-21 14:44:50'),
(977, '2020-04-01 18:47:38'),
(978, '2021-03-07 15:18:10'),
(979, '2020-11-03 05:39:45'),
(980, '2021-03-10 10:37:09'),
(981, '2020-11-01 19:58:23'),
(982, '2020-07-06 08:04:16'),
(983, '2020-08-30 18:31:04'),
(984, '2020-11-03 15:56:35'),
(985, '2020-12-11 17:10:17'),
(986, '2020-12-08 17:08:41'),
(987, '2020-10-24 00:53:08'),
(988, '2021-01-15 15:14:50'),
(989, '2020-09-15 03:54:11'),
(990, '2021-01-04 19:00:06'),
(991, '2020-03-29 11:04:27'),
(992, '2020-04-23 12:20:16'),
(993, '2020-12-01 14:45:17'),
(994, '2020-05-02 09:00:56'),
(995, '2021-03-07 19:00:43'),
(996, '2021-01-24 22:46:56'),
(997, '2021-02-18 18:55:08'),
(998, '2020-10-01 17:36:28'),
(999, '2020-09-12 12:24:55'),
(1000, '2020-07-27 00:15:37');

-- --------------------------------------------------------

--
-- Table structure for table `deliv_sched`
--

CREATE TABLE `deliv_sched` (
  `schedule_no` int(8) NOT NULL,
  `customer_id` int(8) NOT NULL,
  `delivery_id` int(8) NOT NULL
) ENGINE=InnoDB DEFAULT CHARSET=utf8mb4;

--
-- Dumping data for table `deliv_sched`
--

INSERT INTO `deliv_sched` (`schedule_no`, `customer_id`, `delivery_id`) VALUES
(413, 1, 582),
(79, 2, 551),
(155, 4, 225),
(119, 6, 235),
(344, 7, 143),
(490, 8, 927),
(479, 8, 929),
(410, 9, 90),
(449, 9, 402),
(199, 11, 114),
(212, 11, 467),
(472, 11, 618),
(106, 12, 317),
(13, 13, 238),
(5, 13, 586),
(179, 15, 950),
(115, 17, 53),
(239, 17, 105),
(152, 17, 896),
(61, 19, 716),
(324, 22, 215),
(393, 24, 321),
(142, 24, 891),
(405, 25, 31),
(432, 25, 747),
(437, 25, 871),
(6, 26, 681),
(452, 27, 892),
(254, 31, 382),
(310, 32, 45),
(41, 32, 642),
(63, 32, 703),
(229, 33, 574),
(351, 33, 841),
(455, 34, 330),
(275, 36, 76),
(387, 37, 615),
(213, 39, 681),
(16, 40, 277),
(478, 41, 71),
(476, 44, 344),
(219, 47, 800),
(371, 47, 989),
(166, 49, 163),
(36, 50, 620),
(154, 51, 247),
(81, 51, 710),
(195, 52, 755),
(263, 56, 666),
(83, 57, 167),
(227, 59, 355),
(24, 59, 371),
(35, 62, 872),
(357, 65, 378),
(59, 69, 550),
(379, 71, 48),
(279, 71, 967),
(388, 73, 102),
(500, 73, 336),
(298, 77, 39),
(135, 82, 934),
(308, 85, 931),
(78, 87, 485),
(167, 91, 217),
(217, 92, 141),
(419, 93, 403),
(468, 95, 253),
(72, 95, 323),
(481, 95, 797),
(281, 97, 771),
(70, 99, 199),
(189, 99, 578),
(255, 100, 880),
(129, 101, 845),
(488, 102, 121),
(182, 108, 543),
(412, 109, 681),
(426, 109, 987),
(200, 110, 46),
(128, 114, 102),
(312, 114, 691),
(210, 114, 780),
(191, 115, 497),
(495, 116, 602),
(307, 117, 557),
(321, 118, 493),
(337, 120, 574),
(14, 121, 336),
(105, 121, 534),
(289, 124, 50),
(48, 124, 617),
(247, 125, 127),
(494, 125, 333),
(314, 127, 313),
(425, 127, 545),
(424, 129, 896),
(186, 136, 70),
(223, 137, 356),
(112, 137, 874),
(116, 141, 345),
(475, 141, 466),
(82, 143, 650),
(287, 147, 748),
(301, 148, 285),
(471, 148, 583),
(457, 150, 326),
(422, 152, 336),
(456, 152, 684),
(132, 154, 519),
(467, 155, 321),
(53, 156, 547),
(19, 156, 800),
(211, 159, 336),
(427, 161, 103),
(348, 162, 899),
(183, 163, 843),
(232, 168, 309),
(96, 168, 955),
(25, 169, 782),
(12, 170, 67),
(280, 171, 179),
(204, 171, 606),
(236, 172, 720),
(11, 173, 139),
(264, 176, 691),
(103, 177, 1),
(304, 177, 118),
(114, 180, 862),
(99, 182, 153),
(365, 183, 141),
(144, 183, 163),
(392, 183, 682),
(288, 184, 123),
(408, 184, 756),
(139, 185, 126),
(439, 185, 136),
(323, 193, 216),
(235, 194, 529),
(67, 195, 169),
(173, 196, 930),
(313, 198, 640),
(246, 199, 182),
(58, 200, 894),
(451, 205, 376),
(417, 205, 477),
(230, 205, 715),
(170, 209, 190),
(441, 210, 579),
(207, 215, 848),
(162, 217, 247),
(257, 217, 720),
(218, 224, 227),
(297, 227, 169),
(411, 230, 343),
(7, 233, 157),
(98, 233, 906),
(136, 235, 934),
(175, 237, 450),
(71, 238, 392),
(485, 238, 634),
(283, 241, 29),
(265, 242, 504),
(164, 242, 626),
(131, 243, 126),
(385, 245, 357),
(31, 246, 255),
(268, 247, 228),
(34, 249, 979),
(141, 251, 85),
(386, 254, 233),
(165, 254, 475),
(65, 255, 371),
(394, 255, 732),
(303, 256, 332),
(125, 256, 769),
(409, 260, 913),
(84, 261, 918),
(110, 262, 873),
(153, 263, 947),
(149, 264, 81),
(274, 264, 183),
(459, 265, 476),
(46, 268, 660),
(146, 270, 883),
(22, 274, 747),
(428, 275, 412),
(389, 277, 50),
(29, 279, 384),
(361, 281, 823),
(429, 283, 974),
(23, 287, 358),
(193, 290, 488),
(330, 291, 794),
(17, 291, 884),
(206, 292, 155),
(373, 293, 51),
(214, 293, 165),
(460, 294, 487),
(415, 294, 736),
(342, 297, 542),
(158, 300, 810),
(198, 301, 98),
(233, 302, 823),
(338, 303, 416),
(222, 305, 282),
(101, 305, 736),
(66, 310, 776),
(278, 314, 203),
(127, 315, 105),
(261, 317, 432),
(185, 317, 610),
(369, 318, 377),
(499, 319, 441),
(352, 320, 758),
(39, 324, 169),
(50, 327, 166),
(434, 327, 746),
(197, 330, 559),
(157, 330, 815),
(20, 331, 158),
(134, 331, 581),
(8, 338, 822),
(147, 339, 778),
(376, 340, 297),
(75, 342, 154),
(421, 343, 565),
(38, 344, 288),
(259, 345, 373),
(406, 346, 145),
(325, 346, 334),
(109, 347, 900),
(486, 348, 89),
(322, 348, 489),
(423, 348, 900),
(124, 350, 367),
(202, 354, 41),
(271, 354, 582),
(143, 356, 239),
(382, 357, 420),
(76, 357, 573),
(248, 358, 107),
(378, 359, 395),
(316, 360, 865),
(463, 361, 416),
(126, 361, 445),
(266, 362, 400),
(404, 362, 479),
(443, 363, 864),
(356, 364, 484),
(355, 366, 151),
(140, 370, 101),
(269, 371, 368),
(91, 373, 215),
(44, 374, 992),
(302, 375, 916),
(47, 375, 941),
(30, 377, 689),
(367, 377, 913),
(360, 378, 973),
(161, 379, 565),
(433, 380, 523),
(267, 380, 638),
(77, 381, 664),
(339, 382, 421),
(309, 382, 816),
(272, 382, 858),
(470, 383, 473),
(380, 383, 647),
(473, 385, 636),
(93, 385, 991),
(474, 387, 196),
(454, 387, 796),
(192, 388, 221),
(56, 389, 255),
(73, 391, 962),
(160, 392, 304),
(300, 392, 522),
(285, 392, 528),
(87, 392, 864),
(480, 396, 120),
(483, 397, 969),
(26, 398, 215),
(403, 398, 649),
(97, 401, 209),
(341, 404, 801),
(27, 407, 344),
(184, 407, 828),
(359, 408, 488),
(172, 409, 507),
(138, 411, 529),
(333, 414, 345),
(276, 415, 605),
(102, 415, 822),
(311, 416, 371),
(244, 416, 386),
(453, 417, 864),
(273, 419, 611),
(340, 422, 266),
(4, 424, 436),
(336, 425, 216),
(256, 425, 930),
(400, 426, 948),
(440, 430, 553),
(181, 430, 832),
(54, 432, 641),
(420, 434, 219),
(292, 435, 213),
(251, 437, 484),
(49, 440, 457),
(203, 440, 768),
(226, 441, 205),
(395, 443, 532),
(320, 445, 181),
(188, 445, 257),
(51, 447, 928),
(90, 448, 643),
(123, 449, 110),
(40, 449, 412),
(317, 450, 230),
(108, 451, 774),
(130, 451, 972),
(196, 453, 406),
(345, 454, 720),
(92, 458, 44),
(62, 458, 328),
(396, 464, 98),
(270, 464, 505),
(435, 465, 374),
(291, 467, 1),
(390, 470, 240),
(33, 472, 871),
(55, 472, 889),
(32, 476, 186),
(319, 477, 9),
(216, 477, 314),
(85, 480, 92),
(469, 484, 104),
(407, 486, 903),
(295, 488, 464),
(462, 489, 76),
(221, 490, 478),
(416, 491, 904),
(104, 496, 329),
(299, 496, 356),
(150, 498, 184),
(375, 498, 342),
(489, 498, 923),
(209, 501, 724),
(442, 501, 863),
(444, 504, 679),
(402, 508, 417),
(68, 509, 710),
(461, 509, 832),
(284, 514, 796),
(201, 515, 662),
(282, 516, 478),
(477, 519, 493),
(42, 522, 388),
(487, 525, 252),
(156, 527, 408),
(438, 527, 449),
(86, 528, 421),
(145, 529, 664),
(315, 534, 329),
(294, 534, 817),
(414, 536, 423),
(151, 540, 690),
(492, 541, 632),
(243, 543, 648),
(64, 544, 231),
(260, 544, 896),
(430, 545, 3),
(60, 545, 988),
(177, 546, 126),
(293, 547, 153),
(384, 547, 876),
(362, 547, 897),
(194, 548, 750),
(346, 549, 745),
(231, 550, 347),
(370, 550, 627),
(383, 551, 178),
(399, 551, 916),
(237, 551, 921),
(80, 552, 265),
(95, 552, 407),
(447, 554, 373),
(88, 554, 926),
(418, 555, 104),
(484, 555, 347),
(225, 555, 421),
(250, 555, 499),
(354, 556, 476),
(241, 560, 370),
(482, 561, 48),
(253, 561, 438),
(242, 562, 395),
(464, 562, 694),
(100, 563, 569),
(118, 563, 585),
(498, 565, 121),
(28, 569, 612),
(391, 569, 898),
(3, 569, 983),
(491, 572, 345),
(18, 572, 971),
(335, 573, 581),
(187, 573, 934),
(497, 574, 931),
(306, 580, 816),
(45, 582, 997),
(305, 584, 196),
(343, 584, 295),
(377, 587, 124),
(398, 587, 863),
(364, 588, 568),
(168, 591, 229),
(277, 592, 106),
(178, 593, 257),
(366, 594, 397),
(334, 595, 243),
(215, 596, 330),
(121, 598, 761),
(57, 601, 385),
(21, 603, 726),
(137, 608, 653),
(450, 609, 502),
(111, 609, 770),
(448, 609, 958),
(493, 610, 438),
(327, 611, 709),
(252, 612, 223),
(107, 612, 951),
(228, 616, 91),
(180, 619, 738),
(397, 619, 802),
(350, 620, 95),
(94, 622, 835),
(208, 624, 128),
(458, 626, 726),
(332, 627, 336),
(329, 627, 539),
(1, 629, 629),
(358, 631, 314),
(372, 631, 615),
(159, 632, 76),
(496, 633, 243),
(113, 633, 280),
(353, 634, 166),
(2, 634, 378),
(176, 635, 428),
(363, 636, 747),
(74, 636, 957),
(374, 636, 975),
(290, 637, 489),
(15, 639, 439),
(328, 640, 396),
(174, 642, 354),
(120, 642, 628),
(205, 643, 538),
(326, 645, 962),
(169, 646, 234),
(331, 649, 125),
(117, 650, 197),
(401, 650, 334),
(296, 652, 216),
(349, 656, 684),
(52, 657, 493),
(122, 658, 736),
(446, 660, 64),
(431, 665, 879),
(9, 668, 126),
(37, 670, 408),
(436, 670, 789),
(190, 671, 256),
(347, 676, 66),
(381, 677, 258),
(466, 677, 720),
(133, 678, 681),
(89, 679, 512),
(240, 679, 878),
(262, 682, 336),
(245, 682, 946),
(249, 683, 67),
(238, 683, 548),
(368, 683, 887),
(163, 684, 562),
(10, 688, 247),
(234, 688, 291),
(445, 688, 773),
(318, 689, 807),
(286, 689, 933),
(220, 690, 592),
(148, 694, 26),
(69, 694, 176),
(43, 695, 786),
(224, 696, 74),
(171, 696, 584),
(465, 698, 88),
(258, 700, 959);

-- --------------------------------------------------------

--
-- Table structure for table `employee`
--

CREATE TABLE `employee` (
  `id` int(8) NOT NULL,
  `first` varchar(20) NOT NULL,
  `last` varchar(20) NOT NULL,
  `email` varchar(30) NOT NULL,
  `phone` int(12) NOT NULL
) ENGINE=InnoDB DEFAULT CHARSET=utf8mb4;

--
-- Dumping data for table `employee`
--

INSERT INTO `employee` (`id`, `first`, `last`, `email`, `phone`) VALUES
(1, 'Carissa', 'Nelson', 'metus.vitae.velit@Curabiturege', 2147483647),
(2, 'Charles', 'Cole', 'enim.consequat.purus@Namportti', 1924984018),
(3, 'Kimberly', 'Knight', 'nec.malesuada@anteipsumprimis.', 2147483647),
(4, 'Ferris', 'Hernandez', 'Donec.tempor.est@elitsedconseq', 2123125689),
(5, 'Eugenia', 'Frederick', 'egestas@ante.com', 2147483647),
(6, 'Ramona', 'Hopper', 'tincidunt.tempus.risus@eunibh.', 2147483647),
(7, 'Cameron', 'Cooper', 'Quisque.tincidunt@sollicitudin', 2147483647),
(8, 'Xavier', 'Foreman', 'ullamcorper@perinceptos.ca', 2147483647),
(9, 'Keaton', 'Patrick', 'eu.accumsan.sed@dolorQuisqueti', 2147483647),
(10, 'Kermit', 'Pennington', 'non@eleifendvitae.edu', 2147483647),
(11, 'Shaeleigh', 'England', 'in.magna@vel.co.uk', 2147483647),
(12, 'Kameko', 'Luna', 'lacus.pede@tempusmauriserat.ca', 2147483647),
(13, 'Leilani', 'Oliver', 'eros.non.enim@estcongue.edu', 2147483647),
(14, 'Keely', 'Hutchinson', 'scelerisque.neque@vulputatepos', 2147483647),
(15, 'Bruce', 'Johns', 'volutpat.ornare@bibendumDonecf', 2147483647),
(16, 'Logan', 'Reid', 'sodales.at@mauriseu.co.uk', 2147483647),
(17, 'Julian', 'Bond', 'Pellentesque@Donecvitae.co.uk', 2147483647),
(18, 'Bert', 'Hardin', 'sapien@semperpretiumneque.ca', 2147483647),
(19, 'Walker', 'Johnson', 'sem@Nunc.net', 2147483647),
(20, 'Lars', 'Horton', 'ipsum@nibh.org', 2147483647),
(21, 'Aubrey', 'Schroeder', 'est.ac@mifringillami.edu', 1307563489),
(22, 'Linda', 'Barton', 'Duis@Cumsociis.edu', 2147483647),
(23, 'Martin', 'Howell', 'vel@nibhsitamet.co.uk', 2147483647),
(24, 'Kyle', 'Boone', 'Vestibulum.ante@Sedpharetrafel', 2147483647),
(25, 'Ursula', 'Kelley', 'Mauris@maurisipsum.ca', 2147483647),
(26, 'Benedict', 'Lowe', 'erat@quamquisdiam.com', 1673130803),
(27, 'Iliana', 'Davidson', 'at@ornareelit.ca', 2147483647),
(28, 'Rahim', 'Pugh', 'congue.In@sollicitudinadipisci', 2147483647),
(29, 'Portia', 'Heath', 'faucibus@anteipsumprimis.co.uk', 2147483647),
(30, 'Cherokee', 'Wall', 'dignissim@gravidaPraesenteu.or', 2147483647),
(31, 'Inga', 'Spears', 'elit@sitametnulla.ca', 2147483647),
(32, 'Graham', 'Pearson', 'elit.Etiam@pede.edu', 2147483647),
(33, 'Zachery', 'Goff', 'dictum.Proin@dictummagnaUt.net', 2147483647),
(34, 'Mallory', 'Hurley', 'vel.nisl@eu.net', 2147483647),
(35, 'Dolan', 'Hull', 'fringilla@vel.co.uk', 2066471084),
(36, 'Channing', 'Hardin', 'auctor@mifelis.net', 2147483647),
(37, 'Gay', 'Lewis', 'tortor.Nunc@posuereatvelit.org', 2147483647),
(38, 'Aristotle', 'Mcpherson', 'ornare.lectus.justo@Suspendiss', 2147483647),
(39, 'Brent', 'Lamb', 'ante@risus.ca', 2147483647),
(40, 'Reed', 'Joseph', 'vitae.risus.Duis@Innecorci.net', 2147483647),
(41, 'Daria', 'Battle', 'non@ornaretortorat.org', 2147483647),
(42, 'Dexter', 'Holland', 'ac@augue.org', 2147483647),
(43, 'Amelia', 'Hawkins', 'nec@congue.co.uk', 2147483647),
(44, 'Price', 'Day', 'hendrerit@nisi.org', 2147483647),
(45, 'Armando', 'Craig', 'in.consequat.enim@eu.ca', 2147483647),
(46, 'Mariko', 'Delaney', 'lacus@nonleo.org', 2147483647),
(47, 'Hyacinth', 'Frost', 'a.sollicitudin@Integersem.edu', 2147483647),
(48, 'Yolanda', 'Bernard', 'rutrum.Fusce@imperdiet.net', 2147483647),
(49, 'Yvonne', 'Quinn', 'habitant.morbi.tristique@males', 2147483647),
(50, 'Elton', 'Hendrix', 'ridiculus.mus.Aenean@Duisrisus', 2147483647),
(51, 'Rashad', 'Patel', 'nec.euismod.in@lectus.org', 2147483647),
(52, 'Camden', 'Downs', 'Curabitur.consequat.lectus@Cur', 2147483647),
(53, 'Lacy', 'Salas', 'molestie.orci@lectus.com', 2147483647),
(54, 'Karen', 'Roman', 'penatibus.et@pedeCrasvulputate', 2147483647),
(55, 'Martena', 'Henderson', 'ipsum@Cras.co.uk', 2147483647),
(56, 'Gay', 'Barron', 'mus@ametornarelectus.edu', 2147483647),
(57, 'Darryl', 'Osborne', 'mauris.Suspendisse.aliquet@neq', 2147483647),
(58, 'Neil', 'Bryant', 'purus.sapien@arcuAliquam.com', 2147483647),
(59, 'Walker', 'Hall', 'Suspendisse.non@egetmagna.co.u', 2147483647),
(60, 'Idola', 'Larson', 'gravida@quam.com', 2147483647),
(61, 'Nigel', 'Warner', 'Ut.nec@viverraMaecenas.ca', 2147483647),
(62, 'Zoe', 'Bush', 'tortor.at@egetmollis.org', 2147483647),
(63, 'Jillian', 'Velazquez', 'habitant@Aliquam.com', 2147483647),
(64, 'Lareina', 'Stanton', 'mollis@Nullamlobortisquam.org', 2147483647),
(65, 'Wade', 'Marks', 'pulvinar.arcu.et@ascelerisque.', 2147483647),
(66, 'Kevyn', 'Barker', 'dui.Cum@metusAeneansed.ca', 2147483647),
(67, 'Stone', 'Roman', 'eu.tempor@neceuismod.co.uk', 2147483647),
(68, 'Kaitlin', 'Higgins', 'arcu.iaculis.enim@Crasegetnisi', 2147483647),
(69, 'Shay', 'Terrell', 'faucibus.Morbi.vehicula@asolli', 2147483647),
(70, 'Yardley', 'Robbins', 'luctus.ut.pellentesque@ornare.', 2147483647),
(71, 'Hyacinth', 'Evans', 'sit.amet@anteMaecenas.edu', 2147483647),
(72, 'Emery', 'Castro', 'mi@fermentumrisusat.co.uk', 2147483647),
(73, 'Nell', 'Snider', 'ad@massaMauris.org', 2147483647),
(74, 'Armand', 'Larsen', 'molestie@non.ca', 2147483647),
(75, 'Margaret', 'Wood', 'ante.Nunc.mauris@pellentesque.', 2147483647),
(76, 'Eaton', 'Mathis', 'consectetuer@luctus.com', 2147483647),
(77, 'Ruby', 'Ortega', 'In.mi@velvenenatisvel.org', 2147483647),
(78, 'Serina', 'Bender', 'sollicitudin.commodo@liberoet.', 2147483647),
(79, 'Vincent', 'Munoz', 'risus.at@etnunc.ca', 2147483647),
(80, 'Reese', 'Bird', 'sodales@loremfringillaornare.c', 2147483647),
(81, 'Kai', 'Morin', 'auctor.velit@sitametluctus.com', 2147483647),
(82, 'Alden', 'Glass', 'sodales.Mauris@urnaNullamlobor', 2147483647),
(83, 'Medge', 'Summers', 'arcu@Nullamsuscipit.com', 2147483647),
(84, 'Ahmed', 'Frye', 'Suspendisse.commodo.tincidunt@', 2147483647),
(85, 'Kelly', 'Tucker', 'et.ultrices@inaliquet.org', 2147483647),
(86, 'Omar', 'Moore', 'nulla.Integer.vulputate@gravid', 2147483647),
(87, 'Sandra', 'Roberts', 'penatibus@augueut.org', 2147483647),
(88, 'Judith', 'Crawford', 'sagittis.felis.Donec@justoProi', 2147483647),
(89, 'Amery', 'Sosa', 'tortor.Integer.aliquam@natoque', 2147483647),
(90, 'Cora', 'Velazquez', 'facilisis.vitae@adipiscing.ca', 2147483647),
(91, 'Willow', 'Powers', 'Phasellus.dapibus@ipsumprimisi', 2147483647),
(92, 'Kaye', 'Hahn', 'et.magna@gravidamauris.co.uk', 1657526334),
(93, 'Damon', 'Trujillo', 'dictum.Phasellus.in@nisiMauris', 2147483647),
(94, 'Galvin', 'Hodge', 'Cras@utpellentesqueeget.co.uk', 2147483647),
(95, 'Hanna', 'Gilmore', 'fringilla.mi.lacinia@molestiet', 1987239319),
(96, 'Cheyenne', 'Andrews', 'ut.cursus@commodohendrerit.co.', 2147483647),
(97, 'Gavin', 'Ortega', 'pellentesque.massa.lobortis@la', 2147483647),
(98, 'Meredith', 'Sparks', 'a.arcu@nuncidenim.edu', 2147483647),
(99, 'Caleb', 'Mccall', 'Nam@quismassa.ca', 2147483647),
(100, 'Damon', 'Forbes', 'natoque.penatibus@amalesuada.e', 2147483647);

-- --------------------------------------------------------

--
-- Table structure for table `employee_invoice`
--

CREATE TABLE `employee_invoice` (
  `employee_id` int(8) NOT NULL,
  `invoice_id` int(8) NOT NULL
) ENGINE=InnoDB DEFAULT CHARSET=utf8mb4;

--
-- Dumping data for table `employee_invoice`
--

INSERT INTO `employee_invoice` (`employee_id`, `invoice_id`) VALUES
(1, 84),
(1, 214),
(1, 353),
(1, 391),
(1, 580),
(1, 870),
(2, 67),
(2, 85),
(2, 123),
(2, 366),
(2, 383),
(2, 390),
(2, 401),
(2, 405),
(2, 406),
(2, 513),
(2, 608),
(2, 894),
(3, 241),
(3, 537),
(3, 587),
(3, 789),
(3, 909),
(4, 583),
(4, 591),
(4, 613),
(4, 657),
(5, 325),
(5, 850),
(6, 5),
(6, 283),
(6, 566),
(6, 880),
(7, 8),
(7, 74),
(7, 138),
(7, 450),
(7, 512),
(7, 530),
(7, 580),
(7, 693),
(8, 37),
(8, 129),
(8, 145),
(8, 232),
(8, 610),
(8, 627),
(9, 176),
(9, 197),
(9, 338),
(9, 348),
(9, 855),
(10, 243),
(10, 382),
(10, 493),
(10, 606),
(11, 89),
(11, 287),
(11, 338),
(11, 397),
(11, 554),
(11, 837),
(11, 866),
(12, 75),
(12, 117),
(12, 365),
(12, 381),
(12, 641),
(13, 78),
(13, 261),
(13, 597),
(13, 803),
(14, 7),
(14, 224),
(14, 393),
(14, 618),
(14, 622),
(14, 783),
(14, 984),
(15, 24),
(15, 75),
(15, 678),
(15, 738),
(16, 213),
(16, 517),
(17, 41),
(17, 256),
(17, 387),
(17, 401),
(17, 457),
(17, 546),
(17, 917),
(18, 17),
(18, 90),
(18, 280),
(18, 350),
(18, 447),
(18, 499),
(18, 559),
(18, 590),
(18, 593),
(19, 52),
(19, 503),
(19, 560),
(19, 803),
(20, 135),
(20, 288),
(20, 992),
(21, 114),
(21, 732),
(22, 6),
(22, 45),
(22, 156),
(22, 216),
(22, 441),
(23, 280),
(23, 623),
(23, 788),
(23, 822),
(24, 76),
(24, 176),
(24, 470),
(24, 530),
(24, 712),
(25, 218),
(25, 256),
(25, 410),
(25, 804),
(25, 806),
(25, 919),
(25, 949),
(26, 213),
(26, 277),
(26, 412),
(26, 611),
(26, 705),
(26, 776),
(26, 878),
(27, 705),
(27, 835),
(27, 904),
(28, 321),
(28, 402),
(28, 767),
(29, 402),
(29, 723),
(30, 19),
(30, 27),
(30, 84),
(30, 154),
(31, 461),
(31, 592),
(31, 778),
(31, 897),
(32, 60),
(32, 184),
(32, 204),
(32, 695),
(32, 747),
(33, 594),
(33, 664),
(33, 737),
(33, 835),
(34, 911),
(35, 258),
(35, 266),
(35, 458),
(35, 984),
(35, 995),
(36, 117),
(36, 145),
(36, 155),
(36, 187),
(36, 457),
(36, 466),
(36, 581),
(36, 844),
(36, 958),
(37, 242),
(37, 631),
(37, 702),
(37, 729),
(37, 801),
(38, 11),
(38, 177),
(38, 290),
(38, 405),
(38, 429),
(38, 436),
(38, 438),
(38, 483),
(38, 548),
(38, 604),
(38, 752),
(38, 905),
(39, 158),
(39, 394),
(39, 405),
(39, 460),
(39, 560),
(39, 893),
(40, 177),
(40, 346),
(40, 414),
(40, 435),
(40, 456),
(41, 63),
(41, 279),
(41, 301),
(41, 715),
(41, 933),
(41, 972),
(41, 984),
(42, 410),
(42, 417),
(42, 480),
(42, 735),
(42, 906),
(43, 191),
(43, 486),
(43, 540),
(43, 614),
(43, 779),
(43, 872),
(43, 902),
(44, 316),
(44, 420),
(44, 476),
(44, 490),
(44, 707),
(44, 943),
(44, 956),
(45, 99),
(45, 157),
(45, 185),
(45, 400),
(45, 475),
(45, 529),
(45, 644),
(45, 680),
(46, 6),
(46, 95),
(46, 343),
(46, 357),
(46, 445),
(47, 73),
(47, 279),
(47, 752),
(47, 756),
(47, 862),
(47, 900),
(48, 199),
(48, 223),
(48, 748),
(48, 928),
(48, 933),
(49, 146),
(49, 517),
(49, 623),
(50, 279),
(50, 369),
(50, 545),
(51, 175),
(51, 507),
(51, 866),
(52, 282),
(52, 498),
(52, 708),
(52, 808),
(53, 91),
(53, 341),
(53, 493),
(53, 534),
(53, 604),
(53, 608),
(53, 699),
(53, 861),
(53, 925),
(54, 254),
(54, 551),
(54, 888),
(55, 300),
(55, 839),
(55, 979),
(56, 54),
(56, 88),
(56, 268),
(56, 307),
(56, 686),
(56, 797),
(56, 979),
(57, 12),
(57, 323),
(57, 349),
(57, 558),
(57, 644),
(57, 960),
(58, 165),
(58, 252),
(58, 471),
(58, 597),
(58, 774),
(59, 176),
(59, 335),
(59, 434),
(60, 133),
(60, 455),
(60, 502),
(60, 505),
(60, 529),
(61, 4),
(61, 276),
(61, 583),
(61, 708),
(61, 746),
(61, 903),
(62, 384),
(62, 412),
(62, 420),
(62, 473),
(63, 68),
(63, 179),
(63, 231),
(63, 280),
(63, 309),
(63, 316),
(63, 506),
(63, 544),
(63, 629),
(63, 630),
(63, 664),
(63, 701),
(63, 771),
(63, 848),
(63, 863),
(64, 305),
(64, 529),
(64, 694),
(64, 743),
(64, 836),
(65, 6),
(65, 512),
(65, 558),
(65, 586),
(65, 798),
(66, 102),
(66, 178),
(67, 152),
(67, 159),
(67, 318),
(67, 562),
(67, 656),
(67, 711),
(67, 820),
(68, 15),
(68, 224),
(68, 311),
(68, 430),
(68, 745),
(68, 991),
(69, 198),
(69, 307),
(69, 334),
(69, 536),
(69, 605),
(69, 636),
(69, 901),
(69, 951),
(70, 51),
(70, 255),
(70, 343),
(70, 490),
(70, 613),
(70, 704),
(70, 946),
(71, 346),
(71, 372),
(71, 930),
(71, 949),
(71, 955),
(72, 225),
(72, 237),
(72, 333),
(72, 727),
(72, 789),
(72, 790),
(73, 718),
(73, 783),
(73, 992),
(74, 171),
(74, 173),
(74, 233),
(74, 882),
(75, 148),
(75, 388),
(75, 578),
(75, 878),
(76, 22),
(76, 136),
(76, 353),
(76, 409),
(76, 428),
(76, 493),
(76, 607),
(76, 922),
(76, 997),
(77, 68),
(77, 113),
(77, 394),
(77, 798),
(77, 897),
(78, 99),
(78, 679),
(78, 736),
(78, 998),
(79, 401),
(79, 501),
(79, 622),
(80, 95),
(80, 179),
(80, 298),
(80, 567),
(80, 646),
(80, 853),
(80, 891),
(81, 437),
(81, 466),
(81, 544),
(81, 650),
(81, 844),
(81, 976),
(82, 50),
(82, 155),
(82, 335),
(82, 457),
(82, 533),
(82, 658),
(82, 755),
(82, 941),
(82, 951),
(82, 983),
(83, 359),
(83, 448),
(83, 655),
(83, 739),
(83, 989),
(84, 184),
(84, 332),
(84, 503),
(84, 646),
(85, 351),
(85, 472),
(85, 700),
(85, 772),
(85, 774),
(85, 850),
(85, 965),
(86, 5),
(86, 466),
(86, 648),
(86, 749),
(86, 812),
(86, 857),
(86, 906),
(86, 994),
(87, 46),
(87, 232),
(87, 361),
(87, 443),
(87, 608),
(87, 646),
(87, 663),
(87, 682),
(87, 723),
(87, 741),
(87, 814),
(87, 876),
(87, 997),
(88, 328),
(88, 352),
(88, 367),
(88, 778),
(88, 809),
(88, 913),
(89, 19),
(89, 69),
(89, 77),
(89, 148),
(89, 417),
(89, 502),
(89, 525),
(89, 558),
(89, 603),
(89, 799),
(90, 29),
(90, 207),
(90, 234),
(90, 240),
(90, 278),
(90, 332),
(90, 343),
(90, 499),
(91, 243),
(91, 446),
(91, 696),
(91, 972),
(92, 125),
(92, 436),
(92, 823),
(93, 3),
(93, 63),
(93, 144),
(93, 673),
(93, 850),
(94, 150),
(94, 189),
(94, 334),
(94, 559),
(94, 616),
(94, 711),
(95, 119),
(95, 204),
(95, 926),
(96, 183),
(96, 785),
(96, 920),
(97, 106),
(97, 148),
(97, 390),
(97, 397),
(97, 519),
(97, 760),
(97, 971),
(98, 184),
(98, 370),
(98, 546),
(98, 806),
(98, 891),
(99, 128),
(99, 151),
(99, 637),
(99, 638),
(99, 765),
(100, 76),
(100, 311),
(100, 376),
(100, 436),
(100, 458),
(100, 470),
(100, 949);

-- --------------------------------------------------------

--
-- Table structure for table `invoice`
--

CREATE TABLE `invoice` (
  `id` int(8) NOT NULL,
  `datetime` datetime NOT NULL,
  `delivery_id` int(8) NOT NULL
) ENGINE=InnoDB DEFAULT CHARSET=utf8mb4;

--
-- Dumping data for table `invoice`
--
INSERT INTO `invoice` (`id`,`datetime`,`delivery_id`) VALUES (1,"2022-01-19 10:22:37",114),(2,"2020-05-18 15:17:31",711),(3,"2020-05-26 02:40:37",371),(4,"2021-06-25 17:02:45",159),(5,"2020-08-25 15:02:51",62),(6,"2022-02-24 20:35:45",703),(7,"2020-07-28 05:50:50",170),(8,"2020-07-08 03:21:27",755),(9,"2022-01-18 01:35:09",192),(10,"2020-04-18 17:50:01",291);
INSERT INTO `invoice` (`id`,`datetime`,`delivery_id`) VALUES (11,"2020-10-30 03:06:56",661),(12,"2020-06-24 07:58:26",402),(13,"2021-03-24 15:59:02",90),(14,"2021-09-10 17:22:12",302),(15,"2021-02-26 21:15:50",884),(16,"2020-03-02 09:02:02",403),(17,"2020-03-01 10:43:19",583),(18,"2021-01-08 07:51:07",808),(19,"2021-05-03 06:01:36",44),(20,"2021-01-09 14:15:31",351);
INSERT INTO `invoice` (`id`,`datetime`,`delivery_id`) VALUES (21,"2021-09-13 21:59:31",916),(22,"2021-09-21 07:15:08",849),(23,"2021-11-01 09:49:37",331),(24,"2020-04-06 13:26:16",919),(25,"2021-07-06 19:52:53",246),(26,"2020-05-27 19:32:07",36),(27,"2021-06-19 12:19:28",130),(28,"2020-11-10 11:33:37",721),(29,"2020-08-22 05:22:14",986),(30,"2021-07-11 05:59:33",708);
INSERT INTO `invoice` (`id`,`datetime`,`delivery_id`) VALUES (31,"2021-10-08 10:52:43",15),(32,"2020-10-19 03:52:55",988),(33,"2020-11-18 01:37:26",212),(34,"2021-06-05 03:26:37",314),(35,"2020-11-01 08:25:06",13),(36,"2021-09-17 15:59:13",14),(37,"2020-08-10 01:06:16",822),(38,"2021-04-30 22:34:25",196),(39,"2021-07-22 17:29:21",696),(40,"2021-05-01 15:22:42",540);
INSERT INTO `invoice` (`id`,`datetime`,`delivery_id`) VALUES (41,"2020-06-05 05:04:09",651),(42,"2021-11-26 14:28:15",590),(43,"2021-07-05 09:39:43",926),(44,"2021-06-28 20:18:47",808),(45,"2020-12-03 08:34:42",574),(46,"2022-02-22 12:16:02",226),(47,"2020-11-25 02:47:32",944),(48,"2021-07-12 08:12:50",842),(49,"2020-12-28 14:03:59",413),(50,"2020-08-25 09:27:23",78);
INSERT INTO `invoice` (`id`,`datetime`,`delivery_id`) VALUES (51,"2021-08-28 19:19:12",159),(52,"2020-03-04 12:31:44",138),(53,"2021-04-17 22:16:17",963),(54,"2020-10-30 14:26:07",783),(55,"2020-08-28 20:47:59",376),(56,"2020-11-15 17:52:47",810),(57,"2020-10-09 09:46:47",372),(58,"2021-04-01 22:47:56",315),(59,"2021-07-08 12:25:47",263),(60,"2021-07-20 23:06:01",527);
INSERT INTO `invoice` (`id`,`datetime`,`delivery_id`) VALUES (61,"2022-03-10 05:59:10",593),(62,"2021-09-25 03:09:58",751),(63,"2022-02-08 16:20:59",126),(64,"2022-02-24 06:28:45",663),(65,"2021-08-15 19:51:06",120),(66,"2022-01-06 11:46:51",627),(67,"2021-01-03 21:49:53",486),(68,"2022-01-04 16:07:18",284),(69,"2021-02-12 23:10:00",129),(70,"2020-04-24 16:24:09",824);
INSERT INTO `invoice` (`id`,`datetime`,`delivery_id`) VALUES (71,"2021-11-11 12:30:47",131),(72,"2020-04-17 06:43:13",741),(73,"2021-10-05 06:29:05",855),(74,"2020-03-20 14:29:13",221),(75,"2021-03-15 17:32:28",958),(76,"2020-08-05 12:21:02",399),(77,"2020-06-14 08:43:09",754),(78,"2020-06-10 01:23:17",329),(79,"2020-09-08 17:47:19",854),(80,"2021-08-14 09:48:54",182);
INSERT INTO `invoice` (`id`,`datetime`,`delivery_id`) VALUES (81,"2021-08-01 13:03:58",672),(82,"2021-08-01 12:22:20",196),(83,"2020-08-26 05:27:10",553),(84,"2020-05-15 21:49:39",559),(85,"2021-10-30 17:57:20",314),(86,"2021-11-13 22:30:59",122),(87,"2020-11-09 23:06:03",869),(88,"2021-12-23 18:35:50",249),(89,"2021-12-14 04:04:53",481),(90,"2021-08-19 19:28:31",468);
INSERT INTO `invoice` (`id`,`datetime`,`delivery_id`) VALUES (91,"2021-04-06 05:42:12",973),(92,"2020-04-18 22:25:07",248),(93,"2020-07-13 12:20:26",390),(94,"2022-01-28 18:46:29",508),(95,"2021-09-03 11:04:05",415),(96,"2021-05-18 08:14:01",15),(97,"2022-01-26 10:32:46",647),(98,"2020-03-02 14:17:08",292),(99,"2021-10-01 05:42:40",883),(100,"2021-05-04 07:32:54",661);
INSERT INTO `invoice` (`id`,`datetime`,`delivery_id`) VALUES (101,"2021-03-09 08:08:12",128),(102,"2021-04-18 21:52:24",555),(103,"2021-11-30 14:38:46",947),(104,"2022-02-03 09:06:04",638),(105,"2021-01-01 00:49:34",904),(106,"2020-09-21 01:12:26",977),(107,"2022-03-18 15:36:28",658),(108,"2021-02-06 01:53:47",424),(109,"2021-09-04 15:32:54",919),(110,"2021-02-25 04:03:11",42);
INSERT INTO `invoice` (`id`,`datetime`,`delivery_id`) VALUES (111,"2020-09-03 12:03:58",929),(112,"2020-07-25 04:17:43",527),(113,"2021-03-30 09:57:47",913),(114,"2021-12-29 01:16:44",62),(115,"2021-12-25 19:52:09",733),(116,"2021-11-27 00:38:00",781),(117,"2021-04-13 16:14:54",400),(118,"2021-07-25 23:35:20",396),(119,"2020-05-27 02:47:01",597),(120,"2020-07-16 20:57:01",549);
INSERT INTO `invoice` (`id`,`datetime`,`delivery_id`) VALUES (121,"2022-03-05 12:56:09",281),(122,"2020-07-14 01:31:06",491),(123,"2022-02-15 00:31:54",414),(124,"2021-01-12 13:57:02",680),(125,"2020-06-03 10:15:34",629),(126,"2021-06-29 19:52:27",625),(127,"2020-09-19 14:03:28",817),(128,"2021-01-29 22:25:23",618),(129,"2021-04-27 21:43:17",264),(130,"2022-03-15 23:34:22",126);
INSERT INTO `invoice` (`id`,`datetime`,`delivery_id`) VALUES (131,"2020-04-16 00:39:56",362),(132,"2020-10-01 13:43:29",635),(133,"2022-01-23 11:28:39",432),(134,"2020-08-16 13:48:32",399),(135,"2020-08-03 06:34:49",635),(136,"2020-12-09 17:53:16",755),(137,"2021-02-22 05:24:53",390),(138,"2020-07-01 17:11:17",235),(139,"2020-11-04 00:59:38",107),(140,"2020-05-31 09:41:40",810);
INSERT INTO `invoice` (`id`,`datetime`,`delivery_id`) VALUES (141,"2020-12-01 22:20:35",829),(142,"2021-12-04 07:07:21",430),(143,"2020-09-27 12:25:47",775),(144,"2020-10-20 08:26:19",419),(145,"2020-10-29 07:17:38",727),(146,"2021-02-12 06:03:15",904),(147,"2021-02-26 17:45:32",102),(148,"2021-12-25 02:04:32",416),(149,"2022-01-13 08:32:10",295),(150,"2020-03-11 13:31:20",154);
INSERT INTO `invoice` (`id`,`datetime`,`delivery_id`) VALUES (151,"2021-01-16 13:03:41",182),(152,"2020-09-20 09:58:43",654),(153,"2020-07-17 21:59:55",53),(154,"2021-10-14 19:45:18",21),(155,"2020-05-24 16:48:48",758),(156,"2021-05-02 21:57:30",80),(157,"2021-04-27 03:55:47",231),(158,"2021-02-26 05:49:12",984),(159,"2021-01-04 00:08:20",130),(160,"2020-07-16 15:57:43",893);
INSERT INTO `invoice` (`id`,`datetime`,`delivery_id`) VALUES (161,"2022-03-12 02:50:01",30),(162,"2021-04-17 11:35:24",454),(163,"2021-10-18 23:19:37",745),(164,"2021-11-10 07:08:24",466),(165,"2020-12-23 04:53:55",82),(166,"2020-06-27 16:15:18",756),(167,"2022-03-03 14:58:39",400),(168,"2021-04-28 09:55:30",954),(169,"2020-04-10 01:51:14",722),(170,"2021-09-23 08:41:14",888);
INSERT INTO `invoice` (`id`,`datetime`,`delivery_id`) VALUES (171,"2021-09-08 14:44:07",944),(172,"2022-02-13 06:41:48",509),(173,"2022-02-05 14:01:34",557),(174,"2020-09-06 17:24:07",609),(175,"2020-04-30 22:47:01",376),(176,"2020-08-30 00:42:58",582),(177,"2021-12-01 16:54:34",949),(178,"2021-03-18 01:29:19",583),(179,"2020-11-18 10:40:45",500),(180,"2020-11-24 20:17:16",322);
INSERT INTO `invoice` (`id`,`datetime`,`delivery_id`) VALUES (181,"2020-08-21 22:17:30",968),(182,"2020-11-07 13:30:21",989),(183,"2021-04-23 13:36:17",36),(184,"2021-01-27 18:54:47",833),(185,"2020-03-04 18:36:39",160),(186,"2022-02-20 03:51:30",757),(187,"2021-08-02 05:43:24",139),(188,"2020-05-23 07:53:58",243),(189,"2021-08-03 01:40:54",376),(190,"2020-10-04 04:02:17",935);
INSERT INTO `invoice` (`id`,`datetime`,`delivery_id`) VALUES (191,"2021-02-17 04:06:11",494),(192,"2021-07-17 11:16:52",343),(193,"2021-08-02 22:44:42",645),(194,"2020-12-21 04:49:56",296),(195,"2021-01-14 23:53:41",398),(196,"2021-08-19 03:08:59",750),(197,"2020-05-10 02:53:04",415),(198,"2020-11-06 10:21:39",128),(199,"2020-05-24 17:21:09",734),(200,"2020-05-11 09:52:58",305);
INSERT INTO `invoice` (`id`,`datetime`,`delivery_id`) VALUES (201,"2021-01-14 21:28:45",866),(202,"2022-01-25 00:01:40",26),(203,"2021-12-02 14:06:01",751),(204,"2021-05-27 05:22:47",904),(205,"2021-01-09 21:18:13",925),(206,"2021-06-23 07:13:41",161),(207,"2021-11-20 03:05:00",859),(208,"2021-07-05 06:19:58",280),(209,"2020-06-19 17:30:30",61),(210,"2021-09-12 19:59:28",94);
INSERT INTO `invoice` (`id`,`datetime`,`delivery_id`) VALUES (211,"2020-05-05 22:57:38",777),(212,"2020-11-23 23:20:13",104),(213,"2021-08-13 19:22:21",222),(214,"2020-08-04 14:58:16",343),(215,"2020-04-14 16:27:31",861),(216,"2021-03-21 01:10:29",401),(217,"2022-01-16 04:50:32",661),(218,"2020-05-20 16:22:27",350),(219,"2021-04-20 10:18:09",1),(220,"2020-10-14 10:08:17",776);
INSERT INTO `invoice` (`id`,`datetime`,`delivery_id`) VALUES (221,"2021-09-12 00:56:14",765),(222,"2021-12-09 18:15:55",732),(223,"2022-01-04 14:54:39",572),(224,"2020-03-19 15:05:53",556),(225,"2022-02-20 09:56:56",531),(226,"2021-01-09 15:46:37",166),(227,"2021-12-08 02:00:32",256),(228,"2020-05-14 07:20:04",6),(229,"2021-06-18 05:19:01",203),(230,"2021-11-01 02:28:50",42);
INSERT INTO `invoice` (`id`,`datetime`,`delivery_id`) VALUES (231,"2020-08-25 09:42:55",642),(232,"2021-03-15 17:58:51",315),(233,"2021-09-26 21:29:01",132),(234,"2020-08-04 22:10:46",511),(235,"2021-03-26 16:04:05",376),(236,"2021-05-23 11:10:40",218),(237,"2020-04-23 13:00:19",343),(238,"2021-01-12 02:51:09",309),(239,"2020-09-12 12:26:55",518),(240,"2022-01-23 09:40:32",801);
INSERT INTO `invoice` (`id`,`datetime`,`delivery_id`) VALUES (241,"2021-07-13 05:01:57",78),(242,"2021-12-21 08:54:32",323),(243,"2021-04-16 22:28:28",593),(244,"2020-11-21 03:21:24",312),(245,"2021-12-06 12:15:57",126),(246,"2020-07-21 09:56:59",190),(247,"2020-07-30 05:44:26",922),(248,"2020-04-18 05:46:16",994),(249,"2020-06-26 02:06:28",202),(250,"2021-05-24 09:49:30",303);
INSERT INTO `invoice` (`id`,`datetime`,`delivery_id`) VALUES (251,"2021-03-05 03:02:15",646),(252,"2020-10-15 02:05:14",20),(253,"2020-10-19 14:35:03",170),(254,"2021-08-25 04:24:37",916),(255,"2021-08-30 17:53:23",463),(256,"2020-07-29 13:48:48",825),(257,"2020-05-25 06:23:41",970),(258,"2020-03-20 02:09:01",927),(259,"2021-01-21 15:52:31",435),(260,"2022-02-19 00:03:26",6);
INSERT INTO `invoice` (`id`,`datetime`,`delivery_id`) VALUES (261,"2021-11-10 13:01:09",201),(262,"2021-08-21 22:11:02",602),(263,"2020-03-27 12:12:50",514),(264,"2021-10-22 00:32:55",301),(265,"2021-11-22 17:56:20",117),(266,"2020-04-29 09:52:14",988),(267,"2020-03-27 14:50:29",286),(268,"2020-09-12 17:14:47",68),(269,"2021-09-18 10:54:49",732),(270,"2022-02-28 00:52:58",740);
INSERT INTO `invoice` (`id`,`datetime`,`delivery_id`) VALUES (271,"2021-04-10 18:01:06",380),(272,"2020-04-07 05:43:12",207),(273,"2021-04-02 23:40:23",306),(274,"2021-06-20 14:00:20",353),(275,"2020-09-12 22:51:00",112),(276,"2020-10-28 11:45:11",153),(277,"2021-12-16 23:58:27",875),(278,"2021-10-25 10:47:11",320),(279,"2021-09-17 13:27:15",343),(280,"2021-05-13 06:26:28",594);
INSERT INTO `invoice` (`id`,`datetime`,`delivery_id`) VALUES (281,"2022-02-16 11:15:17",326),(282,"2020-04-08 06:26:58",93),(283,"2021-09-15 18:49:15",20),(284,"2020-07-09 21:52:29",139),(285,"2022-01-18 17:29:08",924),(286,"2021-09-21 06:26:53",794),(287,"2022-02-01 22:06:56",315),(288,"2022-02-23 11:45:39",380),(289,"2021-08-01 21:22:12",749),(290,"2021-02-07 14:13:29",374);
INSERT INTO `invoice` (`id`,`datetime`,`delivery_id`) VALUES (291,"2022-01-06 09:53:05",899),(292,"2021-03-26 03:39:43",907),(293,"2020-07-22 03:42:45",873),(294,"2021-05-05 15:32:55",478),(295,"2021-06-22 20:31:06",318),(296,"2020-10-29 00:50:41",79),(297,"2021-10-07 17:10:01",433),(298,"2022-02-22 03:49:05",207),(299,"2020-07-21 00:35:12",24),(300,"2020-08-01 08:55:59",565);
INSERT INTO `invoice` (`id`,`datetime`,`delivery_id`) VALUES (301,"2021-06-29 13:33:57",191),(302,"2021-03-09 09:18:16",657),(303,"2020-04-16 13:36:04",816),(304,"2020-04-20 18:08:57",547),(305,"2021-08-06 03:41:22",582),(306,"2022-01-02 19:12:33",962),(307,"2020-11-28 02:22:36",998),(308,"2021-03-09 01:07:06",387),(309,"2020-09-26 12:32:28",664),(310,"2022-01-24 02:22:18",558);
INSERT INTO `invoice` (`id`,`datetime`,`delivery_id`) VALUES (311,"2020-03-04 18:58:40",724),(312,"2020-05-29 03:57:51",975),(313,"2020-04-16 02:58:42",845),(314,"2022-01-23 20:09:34",267),(315,"2021-12-01 18:05:04",901),(316,"2021-01-30 04:26:52",116),(317,"2021-06-19 05:00:38",173),(318,"2021-08-29 19:46:17",642),(319,"2020-05-18 13:59:42",975),(320,"2021-05-20 02:48:58",467);
INSERT INTO `invoice` (`id`,`datetime`,`delivery_id`) VALUES (321,"2021-11-12 22:15:28",757),(322,"2021-07-11 18:54:00",535),(323,"2021-05-07 14:10:11",110),(324,"2021-07-02 12:21:29",175),(325,"2020-11-25 23:35:00",397),(326,"2020-05-17 22:17:10",481),(327,"2020-06-12 00:28:09",941),(328,"2021-03-28 23:49:02",21),(329,"2020-11-23 11:21:39",689),(330,"2021-10-05 22:47:39",823);
INSERT INTO `invoice` (`id`,`datetime`,`delivery_id`) VALUES (331,"2021-10-11 08:40:32",281),(332,"2021-06-15 09:11:28",792),(333,"2020-08-18 12:54:10",816),(334,"2021-09-07 13:00:54",486),(335,"2020-03-23 05:31:19",744),(336,"2021-08-14 01:46:31",583),(337,"2020-07-14 16:47:49",731),(338,"2020-08-11 08:42:34",290),(339,"2020-10-18 10:12:19",651),(340,"2021-11-29 10:37:44",515);
INSERT INTO `invoice` (`id`,`datetime`,`delivery_id`) VALUES (341,"2021-02-11 13:48:34",809),(342,"2021-11-11 09:56:22",30),(343,"2021-01-20 00:56:38",290),(344,"2020-08-03 05:29:54",624),(345,"2020-05-22 10:07:06",896),(346,"2021-02-24 07:32:35",995),(347,"2020-10-27 23:03:35",821),(348,"2020-04-24 20:07:41",966),(349,"2021-07-23 13:46:09",421),(350,"2021-12-04 22:04:17",942);
INSERT INTO `invoice` (`id`,`datetime`,`delivery_id`) VALUES (351,"2021-01-06 06:33:48",21),(352,"2020-10-24 06:50:20",44),(353,"2020-04-25 17:35:00",291),(354,"2020-03-29 18:31:14",214),(355,"2020-06-27 06:41:07",146),(356,"2020-05-30 05:57:51",913),(357,"2021-05-22 19:53:43",914),(358,"2020-09-12 04:49:29",815),(359,"2021-01-06 07:49:19",709),(360,"2020-10-26 06:08:16",736);
INSERT INTO `invoice` (`id`,`datetime`,`delivery_id`) VALUES (361,"2022-01-15 12:36:41",267),(362,"2021-11-30 11:46:45",353),(363,"2020-04-22 16:05:41",375),(364,"2021-12-16 21:18:49",160),(365,"2020-07-06 17:23:21",984),(366,"2020-03-17 20:51:13",6),(367,"2021-01-24 23:51:27",368),(368,"2020-11-23 00:49:39",883),(369,"2021-05-14 20:21:32",645),(370,"2020-03-05 17:57:00",343);
INSERT INTO `invoice` (`id`,`datetime`,`delivery_id`) VALUES (371,"2021-03-30 09:59:24",897),(372,"2020-11-08 23:15:27",785),(373,"2022-01-27 22:51:56",272),(374,"2020-12-07 11:14:48",298),(375,"2022-01-01 04:59:08",847),(376,"2020-10-08 18:12:36",917),(377,"2020-05-17 22:49:28",557),(378,"2020-05-18 12:21:01",466),(379,"2021-08-18 03:08:53",777),(380,"2022-02-27 15:33:00",251);
INSERT INTO `invoice` (`id`,`datetime`,`delivery_id`) VALUES (381,"2020-07-19 21:10:12",831),(382,"2021-02-01 11:15:35",870),(383,"2022-01-21 12:27:01",324),(384,"2022-02-18 09:52:47",526),(385,"2022-01-24 12:03:42",420),(386,"2020-03-09 19:16:12",413),(387,"2021-03-18 21:40:31",63),(388,"2021-11-19 20:04:51",628),(389,"2021-09-06 17:55:22",924),(390,"2021-07-24 05:38:17",170);
INSERT INTO `invoice` (`id`,`datetime`,`delivery_id`) VALUES (391,"2021-03-28 20:40:16",698),(392,"2021-04-18 00:58:36",310),(393,"2021-01-20 23:49:06",346),(394,"2021-11-15 03:11:18",573),(395,"2021-10-15 20:14:14",760),(396,"2021-08-30 04:00:34",798),(397,"2020-12-01 03:22:38",280),(398,"2021-02-20 19:34:08",274),(399,"2021-06-21 21:10:19",890),(400,"2020-09-30 11:26:40",753);
INSERT INTO `invoice` (`id`,`datetime`,`delivery_id`) VALUES (401,"2021-09-29 18:23:35",10),(402,"2021-01-18 02:14:59",210),(403,"2022-02-15 23:19:11",242),(404,"2021-05-22 21:10:02",701),(405,"2020-04-21 13:45:51",506),(406,"2020-08-13 19:54:50",458),(407,"2021-11-26 15:18:35",907),(408,"2021-05-31 15:23:17",710),(409,"2020-12-27 23:09:05",479),(410,"2020-11-03 20:05:02",269);
INSERT INTO `invoice` (`id`,`datetime`,`delivery_id`) VALUES (411,"2021-08-10 01:32:30",858),(412,"2020-03-31 23:12:52",190),(413,"2021-06-16 23:26:02",620),(414,"2021-08-24 08:28:35",938),(415,"2021-08-19 20:57:52",504),(416,"2020-09-28 21:41:07",412),(417,"2022-03-15 04:19:14",285),(418,"2021-05-24 18:55:59",498),(419,"2021-09-09 02:02:18",240),(420,"2020-08-21 16:23:49",213);
INSERT INTO `invoice` (`id`,`datetime`,`delivery_id`) VALUES (421,"2021-07-24 19:57:07",984),(422,"2021-06-09 01:40:40",192),(423,"2021-10-23 07:49:31",524),(424,"2022-03-07 07:15:16",883),(425,"2021-08-05 22:30:10",830),(426,"2020-03-07 06:51:43",915),(427,"2021-06-19 05:11:49",699),(428,"2020-08-20 08:14:11",505),(429,"2021-03-05 04:33:17",746),(430,"2020-07-23 07:58:35",983);
INSERT INTO `invoice` (`id`,`datetime`,`delivery_id`) VALUES (431,"2021-12-23 20:36:30",472),(432,"2020-06-17 13:20:06",676),(433,"2022-03-21 13:46:55",811),(434,"2022-03-19 00:43:17",408),(435,"2020-12-14 13:20:25",697),(436,"2022-02-05 13:22:06",640),(437,"2020-06-02 17:32:25",965),(438,"2021-03-30 14:44:57",940),(439,"2020-08-25 15:53:04",992),(440,"2021-07-07 13:38:44",245);
INSERT INTO `invoice` (`id`,`datetime`,`delivery_id`) VALUES (441,"2021-10-10 18:49:44",228),(442,"2021-08-16 00:21:29",588),(443,"2022-02-10 21:35:42",266),(444,"2021-01-12 17:04:49",760),(445,"2021-12-06 15:18:33",341),(446,"2021-11-29 19:10:33",528),(447,"2020-03-10 08:07:17",612),(448,"2020-03-01 00:23:35",54),(449,"2021-12-20 22:11:22",199),(450,"2020-05-01 04:29:59",337);
INSERT INTO `invoice` (`id`,`datetime`,`delivery_id`) VALUES (451,"2020-03-02 19:43:42",103),(452,"2020-12-16 09:14:37",507),(453,"2020-03-31 01:00:24",68),(454,"2022-02-11 16:17:24",830),(455,"2020-11-06 10:40:41",619),(456,"2020-10-02 10:07:30",110),(457,"2021-10-25 12:07:43",218),(458,"2021-09-03 18:42:39",278),(459,"2021-01-19 02:19:43",14),(460,"2020-05-11 16:31:32",932);
INSERT INTO `invoice` (`id`,`datetime`,`delivery_id`) VALUES (461,"2020-08-31 14:29:43",429),(462,"2020-03-06 14:27:15",204),(463,"2020-11-15 05:00:49",591),(464,"2020-09-07 21:46:03",784),(465,"2021-07-09 13:40:59",819),(466,"2021-08-11 19:13:39",770),(467,"2020-12-30 20:27:57",111),(468,"2021-02-02 13:16:22",332),(469,"2021-08-14 17:07:30",66),(470,"2021-05-18 02:00:02",36);
INSERT INTO `invoice` (`id`,`datetime`,`delivery_id`) VALUES (471,"2020-11-17 05:36:23",897),(472,"2022-02-28 09:02:04",760),(473,"2021-05-07 11:42:12",55),(474,"2020-06-21 22:30:00",868),(475,"2022-02-22 04:02:13",84),(476,"2021-05-08 21:50:08",984),(477,"2021-10-15 10:21:35",197),(478,"2020-03-18 09:40:40",724),(479,"2020-05-21 13:20:55",182),(480,"2021-07-02 17:25:34",495);
INSERT INTO `invoice` (`id`,`datetime`,`delivery_id`) VALUES (481,"2021-06-16 01:46:58",513),(482,"2021-05-12 05:13:54",41),(483,"2020-08-02 08:44:00",748),(484,"2021-04-06 19:54:59",937),(485,"2021-03-10 04:50:24",69),(486,"2022-01-23 09:03:32",820),(487,"2020-03-02 21:06:52",166),(488,"2021-05-11 00:24:32",428),(489,"2020-04-20 09:34:00",366),(490,"2020-03-14 15:12:17",588);
INSERT INTO `invoice` (`id`,`datetime`,`delivery_id`) VALUES (491,"2021-03-21 08:50:19",53),(492,"2022-02-18 22:00:38",172),(493,"2020-09-13 17:09:54",584),(494,"2021-10-22 10:11:20",466),(495,"2020-06-10 12:31:18",689),(496,"2020-07-28 22:10:07",532),(497,"2021-12-12 19:54:14",963),(498,"2020-05-05 23:47:32",622),(499,"2020-08-12 08:34:21",335),(500,"2021-07-12 04:43:37",807);
INSERT INTO `invoice` (`id`,`datetime`,`delivery_id`) VALUES (501,"2022-01-10 01:55:39",398),(502,"2020-09-11 03:14:19",887),(503,"2020-10-24 10:54:16",185),(504,"2021-08-24 06:04:09",713),(505,"2020-07-28 20:12:02",721),(506,"2021-12-23 08:26:27",897),(507,"2021-06-10 11:03:04",190),(508,"2020-07-01 03:20:18",648),(509,"2020-12-26 21:44:23",264),(510,"2020-06-11 03:35:03",296);
INSERT INTO `invoice` (`id`,`datetime`,`delivery_id`) VALUES (511,"2021-08-25 20:13:25",32),(512,"2021-11-08 11:24:57",595),(513,"2021-04-26 13:34:56",957),(514,"2020-08-08 21:38:17",615),(515,"2021-11-11 02:18:10",696),(516,"2022-01-17 15:29:58",128),(517,"2020-10-03 20:41:01",536),(518,"2020-05-16 13:16:06",798),(519,"2021-05-28 00:05:21",16),(520,"2020-04-16 21:25:13",200);
INSERT INTO `invoice` (`id`,`datetime`,`delivery_id`) VALUES (521,"2021-11-04 02:13:37",301),(522,"2021-09-06 20:27:49",715),(523,"2020-04-26 11:53:07",403),(524,"2020-03-16 22:53:19",603),(525,"2021-02-25 17:31:28",484),(526,"2021-12-30 18:16:24",217),(527,"2021-10-31 07:53:41",913),(528,"2020-06-13 07:47:05",961),(529,"2020-09-11 05:47:58",466),(530,"2022-01-12 07:40:57",279);
INSERT INTO `invoice` (`id`,`datetime`,`delivery_id`) VALUES (531,"2021-09-10 19:10:59",518),(532,"2020-03-08 04:07:55",428),(533,"2021-10-10 16:17:37",760),(534,"2022-03-13 03:28:10",63),(535,"2020-08-22 23:15:38",561),(536,"2021-04-08 11:19:37",766),(537,"2020-06-15 15:59:28",335),(538,"2022-03-19 18:34:36",251),(539,"2020-04-16 21:47:51",573),(540,"2020-07-31 10:12:42",627);
INSERT INTO `invoice` (`id`,`datetime`,`delivery_id`) VALUES (541,"2022-03-11 00:03:34",673),(542,"2020-04-08 04:47:03",618),(543,"2021-11-04 03:48:52",679),(544,"2022-02-21 07:36:45",479),(545,"2020-12-29 04:56:45",792),(546,"2021-12-06 18:30:38",384),(547,"2021-12-05 13:15:40",145),(548,"2021-11-08 19:12:39",717),(549,"2021-03-23 22:18:25",482),(550,"2020-07-14 14:06:29",515);
INSERT INTO `invoice` (`id`,`datetime`,`delivery_id`) VALUES (551,"2020-07-18 22:21:52",540),(552,"2021-08-11 20:24:47",693),(553,"2020-09-02 01:42:53",296),(554,"2021-07-23 06:48:53",280),(555,"2021-06-19 15:24:35",846),(556,"2020-03-15 23:20:22",762),(557,"2021-11-17 10:40:25",499),(558,"2021-01-11 07:56:15",130),(559,"2021-07-19 15:15:21",617),(560,"2020-07-16 07:00:11",268);
INSERT INTO `invoice` (`id`,`datetime`,`delivery_id`) VALUES (561,"2021-02-13 09:03:55",40),(562,"2021-05-15 00:14:36",344),(563,"2021-04-12 15:32:13",479),(564,"2021-08-08 08:42:31",145),(565,"2021-03-24 13:22:44",33),(566,"2020-11-20 02:39:59",428),(567,"2021-11-20 23:36:57",794),(568,"2020-03-21 12:48:20",960),(569,"2022-02-17 02:56:29",870),(570,"2020-08-04 08:48:44",892);
INSERT INTO `invoice` (`id`,`datetime`,`delivery_id`) VALUES (571,"2021-12-31 04:46:56",768),(572,"2020-12-13 04:27:55",720),(573,"2020-10-04 18:43:48",137),(574,"2021-01-14 13:03:08",789),(575,"2020-10-13 04:39:46",690),(576,"2021-08-11 20:17:10",973),(577,"2022-03-07 14:29:25",834),(578,"2020-09-04 14:14:17",221),(579,"2020-04-03 13:29:08",292),(580,"2020-12-20 12:25:00",512);
INSERT INTO `invoice` (`id`,`datetime`,`delivery_id`) VALUES (581,"2021-05-04 05:46:15",645),(582,"2020-10-18 14:39:02",160),(583,"2021-06-18 07:40:49",468),(584,"2020-07-23 17:41:53",775),(585,"2021-04-12 21:01:48",666),(586,"2021-10-16 00:22:33",796),(587,"2020-08-29 18:42:17",74),(588,"2021-05-24 22:53:44",177),(589,"2020-07-31 08:30:17",651),(590,"2020-05-22 20:41:01",89);
INSERT INTO `invoice` (`id`,`datetime`,`delivery_id`) VALUES (591,"2022-02-14 13:39:33",428),(592,"2021-05-29 01:50:09",981),(593,"2022-03-10 00:55:14",107),(594,"2021-07-24 04:49:37",858),(595,"2021-10-31 01:41:23",736),(596,"2020-04-10 21:51:53",629),(597,"2021-02-05 07:47:10",593),(598,"2021-05-17 03:42:10",475),(599,"2021-07-16 22:32:34",450),(600,"2022-01-03 12:07:05",289);
INSERT INTO `invoice` (`id`,`datetime`,`delivery_id`) VALUES (601,"2022-01-21 19:16:26",378),(602,"2021-10-19 12:36:58",369),(603,"2020-05-30 04:28:31",974),(604,"2021-01-26 15:16:13",161),(605,"2020-06-07 14:37:58",925),(606,"2021-04-23 00:31:40",533),(607,"2020-07-03 16:33:41",206),(608,"2021-03-28 23:18:15",277),(609,"2020-03-27 02:19:03",828),(610,"2020-08-23 03:25:14",214);
INSERT INTO `invoice` (`id`,`datetime`,`delivery_id`) VALUES (611,"2020-05-29 17:07:47",332),(612,"2021-11-04 17:55:45",733),(613,"2020-04-27 21:56:44",447),(614,"2020-06-01 14:52:35",286),(615,"2020-09-12 22:22:41",504),(616,"2021-09-04 06:38:24",927),(617,"2020-10-01 01:57:34",394),(618,"2021-04-06 10:16:15",974),(619,"2021-08-26 12:26:14",693),(620,"2020-11-06 21:14:16",907);
INSERT INTO `invoice` (`id`,`datetime`,`delivery_id`) VALUES (621,"2021-03-29 05:56:40",53),(622,"2020-08-06 12:28:22",366),(623,"2022-02-13 11:44:21",159),(624,"2021-08-19 09:42:30",202),(625,"2022-03-18 04:37:08",629),(626,"2021-09-24 12:07:17",756),(627,"2022-02-26 14:48:10",31),(628,"2021-07-15 05:26:18",958),(629,"2021-08-05 12:02:19",203),(630,"2022-01-19 08:37:55",603);
INSERT INTO `invoice` (`id`,`datetime`,`delivery_id`) VALUES (631,"2020-06-28 06:33:09",655),(632,"2020-11-30 06:55:01",625),(633,"2021-03-30 00:35:00",91),(634,"2021-03-16 08:57:07",264),(635,"2021-03-10 18:49:23",398),(636,"2021-05-31 08:25:46",300),(637,"2020-03-18 00:36:37",954),(638,"2021-08-06 19:17:51",161),(639,"2020-04-10 18:27:43",109),(640,"2021-02-22 11:06:45",714);
INSERT INTO `invoice` (`id`,`datetime`,`delivery_id`) VALUES (641,"2021-09-01 12:19:33",82),(642,"2021-01-29 18:00:39",416),(643,"2021-10-31 09:45:12",346),(644,"2021-11-02 06:54:30",375),(645,"2021-01-15 19:44:23",751),(646,"2021-12-30 09:34:13",59),(647,"2021-03-12 03:37:46",209),(648,"2021-10-28 03:00:13",654),(649,"2020-08-24 14:36:47",812),(650,"2021-07-23 23:49:18",769);
INSERT INTO `invoice` (`id`,`datetime`,`delivery_id`) VALUES (651,"2020-08-08 14:03:10",920),(652,"2020-10-31 10:09:23",496),(653,"2021-05-01 12:00:02",876),(654,"2022-02-11 13:39:02",967),(655,"2021-05-07 00:09:33",799),(656,"2021-07-26 07:58:39",408),(657,"2020-09-02 02:07:26",781),(658,"2020-04-02 05:54:44",105),(659,"2021-05-29 16:52:06",831),(660,"2021-08-26 23:46:49",309);
INSERT INTO `invoice` (`id`,`datetime`,`delivery_id`) VALUES (661,"2020-08-17 07:42:44",483),(662,"2020-07-29 09:10:44",317),(663,"2020-07-01 03:53:13",959),(664,"2021-05-12 07:46:12",874),(665,"2020-12-04 11:00:49",995),(666,"2021-08-20 22:41:12",903),(667,"2021-08-23 09:38:29",873),(668,"2021-08-27 10:36:49",585),(669,"2020-05-19 00:22:13",536),(670,"2020-05-08 13:19:40",259);
INSERT INTO `invoice` (`id`,`datetime`,`delivery_id`) VALUES (671,"2020-05-12 01:13:11",617),(672,"2022-03-09 04:06:16",559),(673,"2020-07-31 10:03:25",121),(674,"2021-10-11 18:18:40",554),(675,"2020-11-04 10:41:38",426),(676,"2021-02-02 04:50:32",338),(677,"2021-01-16 05:41:57",874),(678,"2022-02-19 16:11:06",593),(679,"2021-01-17 04:15:48",816),(680,"2020-11-19 09:48:54",446);
INSERT INTO `invoice` (`id`,`datetime`,`delivery_id`) VALUES (681,"2021-11-05 05:09:00",485),(682,"2020-05-11 04:16:54",537),(683,"2020-06-18 06:07:35",648),(684,"2021-10-21 03:43:14",424),(685,"2020-03-17 20:51:34",145),(686,"2020-09-30 20:28:11",905),(687,"2021-03-02 00:14:11",490),(688,"2020-12-10 20:49:45",857),(689,"2020-05-01 12:47:43",689),(690,"2020-10-30 01:17:12",964);
INSERT INTO `invoice` (`id`,`datetime`,`delivery_id`) VALUES (691,"2021-03-26 23:53:35",130),(692,"2022-03-12 17:23:56",705),(693,"2021-10-13 16:22:37",963),(694,"2020-11-30 12:18:44",883),(695,"2021-11-04 05:10:03",287),(696,"2020-04-15 22:18:53",641),(697,"2022-03-08 11:23:40",257),(698,"2021-12-29 11:41:28",71),(699,"2020-08-09 18:25:11",236),(700,"2021-09-16 03:31:20",34);
INSERT INTO `invoice` (`id`,`datetime`,`delivery_id`) VALUES (701,"2022-01-07 09:56:57",618),(702,"2020-03-04 22:08:12",673),(703,"2021-08-09 19:46:47",111),(704,"2021-09-08 02:10:55",208),(705,"2020-11-28 21:12:10",933),(706,"2020-04-22 19:27:29",46),(707,"2021-10-04 00:05:25",708),(708,"2021-10-09 08:42:15",227),(709,"2021-06-11 02:31:25",808),(710,"2020-10-26 20:17:57",33);
INSERT INTO `invoice` (`id`,`datetime`,`delivery_id`) VALUES (711,"2021-02-02 10:16:18",975),(712,"2022-03-19 16:40:43",933),(713,"2021-11-25 08:09:57",516),(714,"2020-09-14 21:42:14",574),(715,"2021-03-15 23:50:53",644),(716,"2021-10-24 12:12:31",805),(717,"2020-03-04 10:49:28",72),(718,"2021-09-09 07:27:32",789),(719,"2021-09-23 15:40:12",391),(720,"2020-04-20 23:26:00",830);
INSERT INTO `invoice` (`id`,`datetime`,`delivery_id`) VALUES (721,"2020-08-22 01:51:39",987),(722,"2021-03-07 01:07:42",603),(723,"2022-01-23 09:32:11",510),(724,"2021-03-04 08:23:02",647),(725,"2021-10-27 05:13:04",991),(726,"2020-09-15 01:34:20",665),(727,"2020-03-04 14:24:46",535),(728,"2021-01-07 13:39:19",994),(729,"2021-12-11 18:12:05",303),(730,"2022-01-01 19:18:00",684);
INSERT INTO `invoice` (`id`,`datetime`,`delivery_id`) VALUES (731,"2021-01-28 12:59:01",37),(732,"2021-09-16 18:38:42",204),(733,"2020-11-15 12:27:12",404),(734,"2020-09-10 12:48:38",15),(735,"2020-04-12 21:48:41",417),(736,"2020-07-09 06:40:55",149),(737,"2022-02-20 19:58:15",718),(738,"2021-11-11 22:42:08",527),(739,"2020-04-13 12:11:28",700),(740,"2020-09-17 16:31:19",166);
INSERT INTO `invoice` (`id`,`datetime`,`delivery_id`) VALUES (741,"2021-03-31 01:12:36",124),(742,"2022-03-11 17:16:42",2),(743,"2021-01-20 20:14:32",7),(744,"2020-11-19 12:53:49",940),(745,"2021-12-18 00:53:31",203),(746,"2021-03-31 04:23:00",484),(747,"2020-09-08 23:28:23",921),(748,"2021-10-13 07:00:50",545),(749,"2020-07-01 16:10:21",408),(750,"2021-02-02 22:02:06",633);
INSERT INTO `invoice` (`id`,`datetime`,`delivery_id`) VALUES (751,"2021-08-03 13:22:38",476),(752,"2021-11-20 09:08:19",391),(753,"2021-04-26 17:20:59",707),(754,"2020-10-29 12:16:51",48),(755,"2021-01-05 01:54:04",170),(756,"2020-04-18 02:27:43",422),(757,"2021-04-18 07:51:23",546),(758,"2022-02-24 21:02:11",300),(759,"2021-12-23 06:44:52",346),(760,"2021-04-07 12:50:50",392);
INSERT INTO `invoice` (`id`,`datetime`,`delivery_id`) VALUES (761,"2021-02-16 16:11:25",185),(762,"2021-08-13 20:55:23",313),(763,"2021-04-06 08:46:03",49),(764,"2020-12-28 14:48:36",546),(765,"2020-09-07 03:03:40",869),(766,"2021-02-16 14:29:17",166),(767,"2021-11-14 18:57:08",36),(768,"2020-10-29 23:32:34",361),(769,"2020-04-11 17:10:07",705),(770,"2020-05-18 03:48:57",626);
INSERT INTO `invoice` (`id`,`datetime`,`delivery_id`) VALUES (771,"2021-11-05 10:18:44",459),(772,"2021-04-13 10:12:31",519),(773,"2020-12-15 16:41:39",243),(774,"2021-06-11 17:17:30",820),(775,"2022-01-29 13:39:35",542),(776,"2021-12-16 19:59:46",413),(777,"2021-09-13 03:37:27",872),(778,"2021-09-13 00:45:33",440),(779,"2020-05-01 19:25:05",598),(780,"2020-08-18 19:51:16",31);
INSERT INTO `invoice` (`id`,`datetime`,`delivery_id`) VALUES (781,"2022-03-10 04:54:29",590),(782,"2020-10-30 07:47:10",720),(783,"2021-04-28 07:04:03",64),(784,"2020-06-22 03:06:33",692),(785,"2021-01-21 03:23:51",415),(786,"2021-12-22 13:23:27",993),(787,"2020-04-02 13:54:21",7),(788,"2020-09-13 08:34:29",29),(789,"2020-09-19 00:39:54",869),(790,"2020-04-18 22:57:21",144);
INSERT INTO `invoice` (`id`,`datetime`,`delivery_id`) VALUES (791,"2020-09-21 04:27:12",477),(792,"2020-05-22 21:22:13",66),(793,"2021-03-15 03:04:37",277),(794,"2020-11-23 08:10:39",319),(795,"2021-06-09 15:30:43",849),(796,"2021-06-08 19:01:30",677),(797,"2021-10-01 00:34:22",413),(798,"2020-09-01 07:28:30",710),(799,"2021-07-28 18:48:44",594),(800,"2020-11-05 16:38:38",491);
INSERT INTO `invoice` (`id`,`datetime`,`delivery_id`) VALUES (801,"2021-10-09 15:07:59",746),(802,"2021-06-13 17:09:02",992),(803,"2020-11-21 05:05:51",526),(804,"2021-08-18 14:41:17",44),(805,"2020-10-02 10:52:13",358),(806,"2020-10-18 17:29:28",366),(807,"2020-03-01 09:49:46",527),(808,"2020-06-26 23:54:23",483),(809,"2020-11-12 15:53:14",528),(810,"2021-11-23 05:55:34",766);
INSERT INTO `invoice` (`id`,`datetime`,`delivery_id`) VALUES (811,"2022-03-04 14:46:41",986),(812,"2021-06-07 07:52:02",483),(813,"2020-06-06 15:21:44",447),(814,"2020-06-26 23:48:56",737),(815,"2020-12-21 08:11:44",358),(816,"2020-07-27 16:08:28",743),(817,"2020-08-23 22:28:58",373),(818,"2020-08-04 22:42:37",325),(819,"2021-07-14 18:33:28",529),(820,"2022-03-20 13:01:49",99);
INSERT INTO `invoice` (`id`,`datetime`,`delivery_id`) VALUES (821,"2021-11-12 14:45:33",26),(822,"2021-04-20 15:02:50",226),(823,"2020-11-20 11:34:05",804),(824,"2021-06-23 18:24:13",736),(825,"2021-01-03 22:03:53",610),(826,"2021-02-02 09:00:07",550),(827,"2021-12-05 14:50:13",70),(828,"2020-03-02 18:46:14",35),(829,"2020-09-01 02:34:33",385),(830,"2020-12-01 07:14:03",216);
INSERT INTO `invoice` (`id`,`datetime`,`delivery_id`) VALUES (831,"2021-02-13 01:13:03",578),(832,"2020-03-20 18:31:44",477),(833,"2020-10-22 03:35:28",500),(834,"2021-01-05 08:26:53",178),(835,"2021-10-15 05:04:16",817),(836,"2021-02-25 12:00:08",562),(837,"2020-10-28 13:36:34",234),(838,"2021-02-19 09:52:15",229),(839,"2020-04-10 11:57:14",577),(840,"2020-10-31 06:29:28",977);
INSERT INTO `invoice` (`id`,`datetime`,`delivery_id`) VALUES (841,"2021-12-18 07:54:18",772),(842,"2021-02-27 21:15:57",602),(843,"2021-01-10 04:49:25",214),(844,"2020-03-13 04:44:22",957),(845,"2021-11-30 20:51:22",422),(846,"2020-03-14 17:40:27",562),(847,"2021-07-29 11:46:31",544),(848,"2022-03-17 12:02:39",580),(849,"2022-01-15 14:11:58",436),(850,"2020-11-11 10:13:38",197);
INSERT INTO `invoice` (`id`,`datetime`,`delivery_id`) VALUES (851,"2021-11-28 18:59:27",247),(852,"2020-10-16 05:58:58",57),(853,"2021-03-30 18:01:19",509),(854,"2021-03-28 07:53:32",456),(855,"2020-08-17 16:41:41",984),(856,"2021-06-01 23:31:07",399),(857,"2021-04-17 21:17:53",134),(858,"2020-06-01 23:33:55",246),(859,"2022-01-10 21:42:44",229),(860,"2021-10-25 04:02:44",796);
INSERT INTO `invoice` (`id`,`datetime`,`delivery_id`) VALUES (861,"2020-05-02 14:26:41",502),(862,"2021-05-27 20:17:30",770),(863,"2022-02-07 04:45:04",673),(864,"2020-07-25 05:50:07",209),(865,"2022-02-21 13:34:49",639),(866,"2021-12-15 21:59:05",367),(867,"2021-07-03 20:18:03",541),(868,"2020-08-08 22:47:36",236),(869,"2021-07-22 10:44:26",746),(870,"2021-01-11 10:20:49",997);
INSERT INTO `invoice` (`id`,`datetime`,`delivery_id`) VALUES (871,"2021-05-08 15:23:25",161),(872,"2021-04-03 16:15:37",746),(873,"2020-06-23 04:41:13",864),(874,"2020-05-12 09:20:35",16),(875,"2020-08-04 14:55:14",897),(876,"2020-03-02 08:59:44",288),(877,"2022-03-06 23:55:46",358),(878,"2020-06-16 15:18:45",223),(879,"2021-10-24 14:18:24",810),(880,"2021-11-14 05:28:52",346);
INSERT INTO `invoice` (`id`,`datetime`,`delivery_id`) VALUES (881,"2021-04-02 19:37:27",419),(882,"2021-07-19 23:38:32",853),(883,"2021-03-25 10:37:54",407),(884,"2021-03-22 18:40:03",675),(885,"2020-03-14 01:19:47",343),(886,"2021-06-24 11:11:46",907),(887,"2022-03-22 03:59:38",252),(888,"2020-08-23 00:54:09",84),(889,"2020-05-29 07:50:06",664),(890,"2022-02-13 03:01:53",163);
INSERT INTO `invoice` (`id`,`datetime`,`delivery_id`) VALUES (891,"2022-01-10 06:43:31",878),(892,"2021-10-13 07:03:34",433),(893,"2020-10-16 19:29:01",307),(894,"2022-01-25 15:50:55",566),(895,"2020-08-06 21:19:14",833),(896,"2020-10-15 08:00:44",377),(897,"2020-04-06 23:21:48",969),(898,"2021-06-30 08:36:27",9),(899,"2020-10-27 18:22:23",939),(900,"2022-02-07 20:39:22",96);
INSERT INTO `invoice` (`id`,`datetime`,`delivery_id`) VALUES (901,"2020-07-03 20:13:15",327),(902,"2022-01-12 06:13:58",548),(903,"2020-11-10 19:16:51",357),(904,"2020-11-10 14:08:02",768),(905,"2022-02-15 18:35:33",132),(906,"2020-08-07 19:16:35",840),(907,"2021-02-15 20:38:51",422),(908,"2022-01-20 08:23:27",729),(909,"2022-01-21 12:10:38",639),(910,"2020-07-03 13:07:26",833);
INSERT INTO `invoice` (`id`,`datetime`,`delivery_id`) VALUES (911,"2020-09-14 17:22:27",26),(912,"2021-12-18 11:16:04",660),(913,"2020-05-24 11:24:20",343),(914,"2021-10-08 09:49:50",767),(915,"2021-06-06 15:18:49",642),(916,"2021-06-26 06:32:18",658),(917,"2020-10-27 08:34:06",341),(918,"2020-11-07 18:11:59",552),(919,"2020-04-08 15:36:12",671),(920,"2021-10-25 08:55:17",106);
INSERT INTO `invoice` (`id`,`datetime`,`delivery_id`) VALUES (921,"2020-04-22 23:15:00",489),(922,"2020-07-16 16:27:48",569),(923,"2021-11-24 02:54:12",704),(924,"2021-05-06 18:55:44",233),(925,"2021-07-03 07:05:02",781),(926,"2021-02-13 00:03:51",664),(927,"2022-02-24 00:55:36",818),(928,"2021-04-09 16:31:43",322),(929,"2021-04-08 11:06:29",446),(930,"2022-01-07 21:42:45",451);
INSERT INTO `invoice` (`id`,`datetime`,`delivery_id`) VALUES (931,"2020-07-21 18:56:00",740),(932,"2021-01-30 02:02:09",211),(933,"2020-06-29 14:40:25",31),(934,"2021-01-15 23:32:44",643),(935,"2020-03-01 16:19:02",276),(936,"2020-08-28 03:40:10",305),(937,"2020-07-15 05:18:02",160),(938,"2020-09-23 01:24:19",168),(939,"2021-05-10 06:56:41",853),(940,"2020-10-16 02:08:42",980);
INSERT INTO `invoice` (`id`,`datetime`,`delivery_id`) VALUES (941,"2021-08-15 00:47:31",747),(942,"2020-12-31 01:53:27",190),(943,"2020-04-04 17:15:24",467),(944,"2020-09-09 05:29:37",21),(945,"2021-10-23 10:36:48",124),(946,"2020-05-23 19:31:01",458),(947,"2020-06-07 20:18:59",519),(948,"2022-01-23 13:38:46",239),(949,"2021-08-04 00:20:11",769),(950,"2021-07-09 11:59:44",447);
INSERT INTO `invoice` (`id`,`datetime`,`delivery_id`) VALUES (951,"2021-10-08 14:35:24",399),(952,"2020-10-04 05:51:04",256),(953,"2021-09-06 02:27:32",56),(954,"2021-06-17 00:06:46",323),(955,"2022-01-27 01:47:07",654),(956,"2021-02-12 16:10:01",267),(957,"2021-03-26 07:02:37",493),(958,"2020-03-26 14:33:51",301),(959,"2021-09-04 10:21:52",431),(960,"2021-07-06 18:48:25",200);
INSERT INTO `invoice` (`id`,`datetime`,`delivery_id`) VALUES (961,"2020-12-26 10:51:08",66),(962,"2021-10-10 18:06:31",849),(963,"2021-08-01 15:24:02",607),(964,"2021-04-12 10:56:36",582),(965,"2021-01-09 08:32:12",903),(966,"2021-03-24 19:06:27",730),(967,"2021-01-23 09:51:58",808),(968,"2021-09-10 00:32:10",330),(969,"2021-06-20 07:59:22",78),(970,"2020-11-27 10:14:00",276);
INSERT INTO `invoice` (`id`,`datetime`,`delivery_id`) VALUES (971,"2021-04-09 04:36:02",802),(972,"2021-04-18 21:29:14",366),(973,"2020-11-03 09:13:23",693),(974,"2021-05-14 23:28:01",53),(975,"2021-02-26 05:30:28",47),(976,"2020-03-23 17:16:33",606),(977,"2020-03-09 05:24:56",457),(978,"2021-01-14 06:56:36",387),(979,"2021-09-27 18:51:46",62),(980,"2021-12-14 11:04:14",526);
INSERT INTO `invoice` (`id`,`datetime`,`delivery_id`) VALUES (981,"2020-12-13 12:03:29",326),(982,"2022-01-19 11:15:58",957),(983,"2021-11-04 10:59:19",748),(984,"2021-05-11 19:18:12",594),(985,"2020-12-15 00:02:55",1),(986,"2021-11-05 18:57:47",795),(987,"2020-11-02 06:17:21",342),(988,"2020-12-03 02:56:02",743),(989,"2020-09-24 01:54:11",213),(990,"2022-03-14 23:22:57",982);
INSERT INTO `invoice` (`id`,`datetime`,`delivery_id`) VALUES (991,"2021-09-12 17:29:12",192),(992,"2022-02-21 00:21:04",368),(993,"2021-06-18 15:34:52",587),(994,"2021-11-28 11:11:05",854),(995,"2020-05-18 04:09:57",72),(996,"2020-06-12 20:31:34",123),(997,"2022-02-24 15:25:38",309),(998,"2020-04-04 22:04:55",785),(999,"2020-05-19 21:39:06",94),(1000,"2022-01-09 13:04:05",455);


-- --------------------------------------------------------

--
-- Table structure for table `invoice_line`
--

CREATE TABLE `invoice_line` (
  `invoice_id` int(8) NOT NULL,
  `line_no` int(8) NOT NULL,
  `product_id` int(8) NOT NULL,
  `quantity` int(10) NOT NULL,
  `liters` int(10) NOT NULL,
  `price` int(10) NOT NULL
) ENGINE=InnoDB DEFAULT CHARSET=utf8mb4;

--
-- Dumping data for table `invoice_line`
--

INSERT INTO `invoice_line` (`invoice_id`, `line_no`, `product_id`, `quantity`, `liters`, `price`) VALUES
(3, 4, 1, 185, 4, 36),
(5, 4, 2, 27, 11, 129),
(10, 1, 2, 100, 18, 7),
(12, 2, 1, 92, 12, 85),
(24, 1, 1, 79, 12, 83),
(24, 5, 3, 124, 6, 132),
(26, 1, 3, 90, 1, 70),
(29, 1, 1, 140, 10, 60),
(30, 1, 2, 130, 4, 66),
(30, 5, 2, 77, 11, 47),
(32, 2, 1, 71, 13, 121),
(39, 4, 2, 200, 16, 86),
(40, 1, 3, 53, 12, 126),
(41, 1, 1, 38, 11, 137),
(46, 1, 3, 98, 8, 100),
(49, 3, 2, 68, 11, 90),
(53, 4, 2, 33, 6, 8),
(57, 4, 3, 144, 8, 30),
(58, 5, 1, 10, 9, 100),
(62, 1, 3, 51, 5, 109),
(63, 3, 2, 70, 5, 71),
(63, 4, 2, 125, 5, 75),
(64, 5, 2, 82, 15, 31),
(74, 5, 3, 2, 2, 39),
(78, 4, 1, 51, 16, 66),
(82, 3, 1, 99, 3, 90),
(83, 4, 2, 108, 20, 111),
(89, 1, 2, 125, 9, 17),
(98, 5, 1, 158, 1, 81),
(99, 1, 2, 154, 15, 134),
(102, 1, 1, 23, 8, 60),
(102, 4, 2, 199, 13, 56),
(109, 2, 1, 20, 19, 150),
(113, 3, 3, 91, 10, 65),
(118, 2, 1, 61, 1, 8),
(119, 3, 3, 14, 7, 50),
(123, 1, 2, 168, 16, 41),
(124, 3, 1, 60, 18, 93),
(124, 4, 1, 195, 5, 123),
(128, 5, 1, 181, 8, 48),
(133, 4, 3, 68, 20, 46),
(134, 5, 1, 38, 4, 41),
(136, 2, 3, 141, 19, 128),
(138, 2, 2, 144, 15, 16),
(146, 3, 2, 157, 2, 54),
(151, 1, 1, 162, 14, 70),
(155, 2, 2, 28, 7, 29),
(155, 3, 1, 117, 18, 8),
(155, 5, 2, 145, 10, 54),
(157, 2, 3, 196, 19, 89),
(159, 4, 2, 79, 3, 52),
(161, 5, 2, 124, 3, 116),
(166, 3, 1, 164, 1, 131),
(167, 2, 3, 73, 17, 116),
(169, 2, 3, 36, 15, 122),
(174, 5, 1, 29, 14, 30),
(175, 3, 2, 127, 14, 68),
(183, 4, 1, 76, 6, 94),
(191, 2, 3, 29, 15, 38),
(197, 3, 3, 84, 1, 128),
(204, 3, 1, 24, 3, 128),
(205, 2, 3, 25, 9, 24),
(207, 3, 2, 187, 10, 108),
(212, 1, 1, 136, 16, 34),
(213, 4, 1, 88, 12, 14),
(217, 4, 3, 80, 1, 55),
(220, 4, 1, 150, 2, 89),
(221, 4, 1, 38, 5, 51),
(225, 1, 1, 126, 13, 55),
(227, 4, 3, 19, 14, 98),
(232, 3, 3, 71, 19, 120),
(233, 1, 3, 8, 6, 35),
(242, 2, 1, 182, 18, 91),
(244, 1, 2, 91, 1, 85),
(249, 2, 3, 152, 6, 92),
(250, 5, 3, 16, 3, 30),
(256, 3, 2, 60, 2, 61),
(263, 2, 2, 156, 18, 91),
(264, 1, 2, 13, 6, 107),
(265, 5, 1, 171, 2, 103),
(267, 3, 1, 60, 3, 62),
(269, 1, 3, 27, 5, 42),
(269, 5, 1, 10, 5, 133),
(271, 4, 1, 196, 15, 106),
(280, 4, 2, 21, 2, 121),
(282, 1, 1, 134, 12, 129),
(282, 2, 2, 1, 18, 29),
(282, 5, 2, 170, 5, 140),
(283, 2, 3, 30, 3, 109),
(285, 1, 3, 168, 14, 119),
(286, 1, 3, 192, 15, 18),
(290, 4, 3, 180, 16, 38),
(293, 3, 2, 67, 6, 141),
(297, 1, 2, 157, 17, 43),
(298, 3, 1, 65, 5, 136),
(301, 2, 3, 78, 11, 94),
(301, 5, 1, 15, 5, 93),
(302, 5, 2, 56, 2, 71),
(303, 4, 2, 159, 13, 46),
(306, 4, 1, 81, 12, 96),
(318, 4, 1, 117, 14, 132),
(319, 5, 3, 61, 12, 29),
(322, 5, 3, 107, 9, 149),
(324, 5, 2, 76, 5, 141),
(330, 5, 3, 48, 10, 140),
(331, 4, 3, 131, 7, 86),
(332, 1, 1, 105, 6, 15),
(332, 3, 3, 164, 12, 7),
(336, 1, 3, 156, 9, 104),
(340, 2, 1, 159, 7, 127),
(341, 1, 1, 152, 11, 57),
(342, 2, 3, 64, 17, 109),
(344, 1, 2, 107, 2, 118),
(345, 5, 3, 96, 15, 64),
(347, 2, 1, 10, 12, 88),
(348, 3, 1, 121, 6, 33),
(348, 5, 3, 64, 2, 105),
(350, 4, 3, 104, 4, 22),
(352, 3, 1, 146, 3, 131),
(352, 5, 1, 162, 16, 120),
(353, 1, 3, 31, 18, 71),
(355, 3, 2, 152, 5, 96),
(356, 5, 1, 46, 16, 85),
(357, 1, 3, 75, 12, 125),
(362, 3, 3, 41, 10, 31),
(362, 4, 2, 70, 16, 60),
(364, 4, 3, 36, 17, 119),
(365, 1, 2, 21, 5, 14),
(366, 2, 3, 67, 20, 9),
(371, 5, 2, 52, 4, 143),
(374, 4, 3, 172, 4, 94),
(375, 2, 1, 101, 18, 125),
(375, 5, 3, 57, 12, 38),
(378, 1, 1, 106, 16, 145),
(380, 1, 3, 62, 2, 24),
(380, 2, 3, 173, 9, 25),
(382, 5, 3, 173, 10, 64),
(385, 4, 2, 71, 5, 114),
(385, 5, 1, 79, 13, 134),
(388, 4, 1, 113, 9, 101),
(390, 2, 1, 143, 6, 17),
(393, 1, 1, 2, 11, 56),
(394, 4, 1, 113, 4, 110),
(395, 1, 2, 81, 19, 17),
(399, 2, 3, 119, 15, 122),
(402, 2, 3, 130, 15, 7),
(404, 2, 3, 103, 14, 95),
(404, 4, 2, 76, 12, 70),
(406, 1, 1, 149, 15, 30),
(407, 2, 3, 27, 9, 130),
(407, 4, 3, 21, 8, 51),
(410, 2, 3, 119, 1, 107),
(413, 2, 3, 172, 10, 36),
(418, 2, 3, 43, 14, 99),
(420, 4, 2, 74, 3, 119),
(421, 3, 1, 96, 6, 134),
(421, 4, 1, 75, 12, 132),
(422, 3, 2, 154, 19, 42),
(424, 5, 1, 37, 4, 23),
(426, 3, 2, 186, 2, 74),
(426, 4, 2, 29, 19, 120),
(430, 1, 2, 103, 11, 80),
(434, 3, 2, 41, 4, 10),
(436, 1, 2, 172, 20, 102),
(437, 2, 2, 170, 16, 102),
(443, 2, 2, 198, 14, 11),
(450, 5, 1, 154, 3, 117),
(452, 2, 2, 150, 13, 108),
(452, 3, 2, 135, 17, 62),
(453, 1, 1, 72, 5, 42),
(459, 1, 2, 28, 8, 31),
(460, 3, 3, 19, 2, 125),
(464, 1, 1, 81, 13, 69),
(468, 2, 3, 171, 9, 7),
(470, 3, 3, 118, 2, 123),
(470, 5, 2, 107, 20, 50),
(475, 2, 2, 138, 17, 38),
(491, 5, 3, 15, 6, 51),
(492, 2, 3, 113, 17, 61),
(495, 4, 1, 142, 5, 68),
(498, 3, 3, 68, 4, 58),
(509, 3, 3, 81, 11, 24),
(512, 5, 1, 113, 8, 74),
(514, 2, 3, 44, 4, 144),
(521, 3, 1, 132, 2, 22),
(522, 3, 3, 48, 17, 10),
(527, 1, 1, 60, 9, 28),
(528, 4, 2, 7, 12, 67),
(533, 1, 2, 110, 3, 90),
(536, 4, 3, 25, 14, 20),
(539, 1, 3, 89, 6, 72),
(539, 5, 1, 122, 5, 81),
(543, 4, 3, 8, 16, 73),
(544, 1, 1, 28, 16, 75),
(547, 3, 3, 133, 3, 116),
(549, 3, 3, 182, 13, 90),
(550, 5, 3, 106, 18, 87),
(553, 5, 1, 88, 4, 86),
(555, 2, 3, 119, 2, 126),
(556, 2, 2, 34, 19, 103),
(560, 5, 3, 91, 10, 14),
(563, 1, 3, 78, 4, 20),
(569, 2, 1, 145, 9, 148),
(571, 5, 1, 138, 17, 26),
(574, 3, 1, 184, 2, 102),
(577, 1, 2, 64, 2, 104),
(584, 2, 3, 7, 7, 70),
(586, 5, 3, 18, 3, 44),
(587, 2, 2, 123, 15, 111),
(594, 3, 3, 181, 4, 130),
(596, 3, 2, 139, 3, 90),
(597, 4, 3, 6, 9, 39),
(598, 1, 1, 120, 13, 37),
(602, 3, 3, 57, 4, 116),
(602, 4, 2, 10, 6, 91),
(610, 1, 1, 160, 16, 24),
(611, 3, 2, 70, 20, 113),
(611, 4, 2, 195, 17, 8),
(612, 3, 3, 190, 16, 108),
(617, 5, 3, 194, 6, 105),
(619, 3, 1, 96, 16, 137),
(619, 5, 2, 166, 14, 38),
(621, 1, 2, 26, 9, 71),
(625, 4, 3, 148, 5, 51),
(628, 3, 2, 39, 9, 64),
(633, 4, 2, 177, 17, 45),
(634, 2, 2, 31, 17, 125),
(635, 4, 3, 77, 12, 135),
(638, 5, 2, 2, 19, 141),
(640, 5, 3, 86, 15, 18),
(651, 2, 3, 133, 4, 80),
(652, 1, 1, 90, 1, 86),
(659, 3, 2, 86, 1, 48),
(659, 4, 2, 76, 20, 109),
(665, 1, 2, 120, 15, 30),
(666, 1, 1, 197, 18, 9),
(668, 5, 1, 93, 5, 88),
(670, 1, 3, 4, 11, 31),
(676, 2, 3, 181, 12, 130),
(677, 1, 1, 107, 14, 127),
(685, 2, 1, 93, 11, 54),
(687, 3, 1, 19, 3, 122),
(693, 4, 3, 105, 1, 95),
(694, 1, 3, 128, 3, 120),
(694, 4, 3, 154, 20, 85),
(695, 3, 2, 31, 20, 8),
(702, 3, 3, 157, 16, 61),
(707, 5, 3, 129, 20, 47),
(708, 5, 2, 147, 3, 134),
(716, 2, 2, 142, 6, 86),
(717, 2, 1, 12, 1, 114),
(720, 3, 1, 1, 10, 23),
(721, 2, 3, 155, 16, 22),
(723, 2, 1, 171, 14, 123),
(732, 4, 3, 77, 11, 138),
(737, 5, 3, 13, 8, 70),
(741, 5, 1, 129, 1, 34),
(744, 5, 1, 88, 7, 77),
(747, 4, 1, 8, 20, 12),
(752, 1, 1, 59, 6, 114),
(753, 5, 3, 147, 9, 89),
(757, 1, 3, 88, 14, 85),
(757, 2, 2, 178, 18, 123),
(761, 1, 2, 130, 13, 14),
(761, 4, 3, 21, 7, 73),
(767, 3, 1, 157, 7, 37),
(768, 5, 1, 148, 6, 63),
(782, 2, 1, 41, 10, 56),
(788, 3, 2, 192, 14, 72),
(791, 2, 2, 165, 3, 88),
(792, 2, 2, 77, 11, 35),
(792, 4, 1, 85, 14, 65),
(792, 5, 2, 153, 12, 93),
(793, 1, 1, 114, 11, 51),
(795, 3, 3, 30, 14, 47),
(804, 3, 2, 88, 20, 125),
(805, 1, 1, 178, 16, 103),
(807, 1, 3, 51, 17, 51),
(810, 2, 2, 125, 7, 21),
(810, 4, 3, 101, 9, 111),
(822, 3, 1, 132, 9, 97),
(823, 1, 1, 7, 10, 39),
(823, 5, 2, 71, 14, 7),
(825, 3, 1, 128, 5, 18),
(827, 4, 2, 119, 5, 141),
(827, 5, 2, 135, 5, 119),
(833, 3, 1, 82, 19, 131),
(833, 4, 1, 133, 7, 111),
(843, 4, 1, 43, 5, 63),
(846, 3, 2, 57, 4, 71),
(847, 3, 3, 185, 15, 34),
(847, 4, 2, 78, 20, 89),
(852, 4, 2, 50, 5, 130),
(855, 2, 1, 5, 1, 34),
(857, 1, 1, 75, 19, 129),
(859, 3, 3, 198, 10, 69),
(860, 2, 2, 118, 2, 70),
(862, 1, 2, 81, 3, 50),
(868, 4, 2, 188, 16, 101),
(869, 1, 1, 55, 14, 21),
(872, 2, 1, 180, 20, 117),
(873, 1, 3, 70, 13, 47),
(878, 3, 2, 20, 2, 143),
(878, 4, 2, 152, 10, 54),
(882, 4, 1, 93, 3, 98),
(888, 2, 1, 41, 16, 52),
(890, 2, 1, 41, 9, 29),
(897, 1, 2, 47, 12, 7),
(898, 5, 3, 158, 17, 95),
(903, 5, 1, 59, 20, 34),
(906, 2, 3, 21, 2, 21),
(908, 4, 2, 99, 17, 148),
(913, 2, 2, 122, 15, 118),
(918, 4, 1, 161, 3, 22),
(921, 4, 1, 169, 19, 23),
(926, 5, 2, 74, 17, 17),
(927, 3, 1, 192, 20, 50),
(935, 2, 3, 124, 11, 23),
(940, 5, 1, 125, 7, 20),
(941, 1, 3, 185, 5, 31),
(952, 3, 3, 51, 20, 100),
(958, 1, 2, 156, 2, 57),
(959, 3, 2, 157, 20, 110),
(961, 5, 2, 156, 9, 128),
(963, 1, 2, 155, 1, 141),
(965, 4, 3, 140, 14, 8),
(967, 2, 1, 10, 13, 110),
(969, 2, 1, 79, 14, 88),
(969, 3, 3, 27, 19, 86),
(969, 4, 1, 14, 13, 138),
(971, 1, 2, 65, 4, 25),
(972, 3, 1, 185, 20, 68),
(974, 1, 3, 101, 1, 40),
(978, 1, 2, 72, 2, 87),
(980, 4, 3, 166, 4, 39),
(982, 3, 1, 144, 6, 25),
(984, 5, 1, 57, 3, 5),
(986, 3, 3, 10, 5, 146),
(994, 2, 3, 198, 4, 52),
(995, 5, 1, 18, 20, 30);

-- --------------------------------------------------------

--
-- Table structure for table `po_line`
--

CREATE TABLE `po_line` (
  `purchase_order_id` int(8) NOT NULL,
  `line_no` int(8) NOT NULL,
  `product_id` int(8) NOT NULL,
  `quantity` int(5) NOT NULL,
  `liters` int(5) NOT NULL,
  `price` int(5) NOT NULL
) ENGINE=InnoDB DEFAULT CHARSET=utf8mb4;

--
-- Dumping data for table `po_line`
--

INSERT INTO `po_line` (`purchase_order_id`, `line_no`, `product_id`, `quantity`, `liters`, `price`) VALUES
(10, 3, 1, 7, 37, 14),
(13, 4, 2, 2, 20, 19),
(14, 1, 2, 9, 53, 19),
(21, 3, 3, 2, 68, 6),
(26, 2, 2, 8, 99, 26),
(27, 4, 1, 8, 90, 11),
(33, 2, 3, 7, 45, 25),
(33, 3, 1, 1, 56, 29),
(34, 2, 1, 5, 50, 7),
(35, 5, 3, 5, 30, 6),
(41, 5, 3, 1, 41, 7),
(43, 1, 1, 9, 75, 24),
(43, 4, 2, 3, 42, 30),
(49, 5, 3, 5, 23, 22),
(51, 2, 3, 8, 18, 11),
(52, 5, 1, 6, 83, 7),
(59, 5, 3, 6, 98, 26),
(62, 5, 1, 1, 95, 5),
(65, 1, 1, 9, 61, 28),
(66, 2, 2, 3, 66, 15),
(66, 5, 2, 6, 24, 8),
(67, 2, 1, 6, 73, 18),
(72, 4, 1, 2, 63, 15),
(73, 5, 2, 4, 74, 15),
(74, 1, 1, 3, 16, 13),
(74, 4, 1, 1, 83, 15),
(75, 2, 3, 4, 81, 30),
(75, 4, 2, 7, 45, 13),
(82, 2, 3, 7, 11, 16),
(83, 2, 3, 1, 78, 26),
(84, 2, 2, 9, 11, 30),
(92, 2, 3, 1, 67, 6),
(92, 3, 1, 8, 28, 21),
(95, 3, 2, 4, 59, 10),
(96, 3, 2, 1, 84, 29),
(97, 2, 2, 7, 33, 16),
(98, 4, 3, 1, 49, 6),
(101, 4, 1, 1, 65, 19),
(102, 5, 1, 8, 33, 30),
(106, 3, 3, 6, 77, 9),
(108, 2, 1, 7, 91, 13),
(111, 4, 2, 4, 89, 18),
(111, 5, 2, 6, 62, 6),
(114, 1, 3, 2, 5, 10),
(119, 1, 1, 3, 54, 13),
(119, 4, 3, 8, 72, 18),
(121, 1, 1, 10, 79, 8),
(121, 2, 2, 8, 86, 26),
(123, 1, 1, 4, 77, 20),
(127, 1, 3, 4, 83, 27),
(129, 3, 1, 8, 11, 25),
(129, 4, 1, 9, 23, 11),
(131, 2, 1, 7, 27, 28),
(133, 2, 1, 6, 82, 18),
(133, 4, 2, 9, 91, 13),
(136, 1, 2, 7, 60, 7),
(136, 2, 3, 7, 95, 29),
(137, 2, 2, 4, 39, 7),
(137, 5, 3, 6, 30, 10),
(141, 5, 2, 5, 87, 9),
(142, 2, 3, 5, 87, 28),
(143, 2, 1, 10, 40, 24),
(146, 2, 2, 4, 63, 25),
(150, 1, 1, 2, 76, 6),
(154, 1, 2, 2, 5, 25),
(156, 1, 1, 4, 34, 13),
(158, 1, 1, 9, 31, 18),
(158, 3, 1, 9, 79, 21),
(160, 4, 2, 10, 45, 23),
(164, 3, 2, 3, 19, 22),
(166, 4, 2, 1, 72, 21),
(171, 3, 2, 10, 98, 22),
(173, 1, 1, 9, 82, 23),
(173, 2, 3, 4, 26, 23),
(179, 3, 2, 9, 79, 11),
(180, 2, 1, 8, 25, 8),
(182, 5, 3, 10, 24, 12),
(186, 2, 3, 1, 11, 24),
(187, 3, 1, 6, 70, 9),
(193, 1, 3, 3, 84, 11),
(195, 4, 3, 4, 41, 7),
(199, 5, 1, 2, 88, 16),
(206, 5, 2, 7, 26, 18),
(209, 5, 2, 9, 67, 29),
(216, 3, 3, 3, 67, 24),
(220, 1, 2, 10, 97, 29),
(221, 2, 3, 4, 93, 8),
(235, 3, 2, 5, 84, 17),
(238, 2, 1, 5, 98, 25),
(239, 2, 3, 5, 45, 27),
(239, 5, 3, 7, 30, 7),
(241, 5, 1, 8, 91, 16),
(243, 1, 2, 6, 51, 6),
(244, 5, 3, 2, 6, 27),
(248, 2, 2, 6, 45, 13),
(251, 1, 2, 5, 67, 18),
(253, 5, 3, 10, 70, 12),
(254, 5, 3, 7, 14, 25),
(257, 3, 1, 4, 20, 18),
(258, 1, 2, 10, 39, 10),
(259, 3, 1, 9, 58, 22),
(262, 1, 2, 7, 42, 26),
(265, 2, 1, 6, 60, 11),
(271, 1, 1, 3, 51, 23),
(272, 4, 1, 6, 69, 5),
(277, 1, 3, 6, 26, 9),
(277, 4, 3, 5, 57, 9),
(283, 4, 1, 7, 40, 20),
(286, 3, 1, 9, 37, 30),
(287, 3, 3, 6, 95, 12),
(291, 4, 2, 5, 86, 16),
(294, 3, 3, 10, 100, 30),
(297, 4, 2, 2, 98, 12),
(301, 1, 3, 1, 77, 29),
(302, 1, 3, 10, 84, 21),
(305, 3, 2, 7, 39, 12),
(307, 2, 3, 7, 60, 7),
(309, 3, 3, 1, 59, 14),
(309, 5, 3, 2, 20, 17),
(313, 5, 3, 7, 46, 29),
(314, 5, 2, 9, 58, 19),
(319, 2, 3, 10, 86, 11),
(320, 3, 2, 5, 92, 13),
(321, 2, 3, 7, 18, 14),
(327, 3, 1, 2, 96, 13),
(327, 4, 3, 10, 96, 30),
(328, 5, 2, 3, 63, 14),
(329, 2, 3, 8, 22, 16),
(331, 1, 1, 10, 65, 11),
(336, 2, 1, 10, 43, 8),
(337, 5, 2, 6, 63, 29),
(338, 1, 3, 5, 97, 27),
(339, 2, 1, 3, 25, 5),
(339, 3, 2, 5, 48, 5),
(341, 3, 2, 2, 54, 9),
(342, 3, 1, 10, 85, 8),
(343, 5, 1, 7, 33, 10),
(346, 1, 1, 2, 77, 20),
(346, 2, 2, 7, 87, 10),
(347, 4, 1, 1, 70, 15),
(351, 4, 1, 9, 69, 19),
(352, 4, 2, 7, 92, 26),
(354, 5, 2, 5, 53, 27),
(359, 2, 1, 10, 61, 28),
(360, 3, 1, 1, 10, 20),
(360, 4, 1, 7, 26, 25),
(362, 1, 2, 6, 95, 25),
(363, 3, 1, 8, 33, 29),
(365, 2, 2, 6, 88, 21),
(365, 5, 3, 9, 30, 30),
(366, 3, 2, 6, 35, 5),
(371, 3, 1, 3, 63, 8),
(374, 1, 1, 10, 37, 17),
(381, 4, 2, 6, 81, 14),
(385, 4, 2, 2, 22, 18),
(386, 3, 2, 1, 73, 17),
(389, 1, 3, 6, 8, 23),
(395, 3, 2, 1, 22, 9),
(397, 1, 1, 3, 81, 6),
(404, 1, 3, 9, 81, 12),
(404, 2, 2, 10, 13, 13),
(407, 3, 1, 2, 53, 19),
(411, 4, 2, 10, 43, 22),
(412, 4, 2, 1, 32, 15),
(418, 2, 2, 10, 25, 5),
(421, 3, 3, 4, 99, 6),
(424, 3, 2, 9, 84, 17),
(424, 4, 2, 1, 29, 5),
(427, 5, 1, 1, 80, 5),
(430, 2, 1, 1, 58, 11),
(431, 1, 1, 5, 51, 23),
(439, 5, 1, 4, 37, 17),
(443, 4, 2, 5, 32, 19),
(445, 3, 2, 1, 20, 17),
(448, 5, 1, 1, 72, 18),
(451, 4, 3, 2, 83, 18),
(453, 1, 2, 9, 29, 16),
(458, 3, 1, 2, 28, 10),
(462, 1, 1, 3, 75, 14),
(462, 2, 3, 5, 94, 30),
(464, 4, 3, 5, 50, 26),
(467, 4, 3, 8, 38, 26),
(470, 2, 2, 7, 37, 9),
(472, 2, 2, 6, 26, 13),
(473, 5, 1, 1, 14, 25),
(477, 4, 3, 8, 22, 17),
(478, 3, 2, 8, 94, 24),
(486, 2, 1, 4, 11, 24),
(486, 5, 1, 8, 29, 17),
(488, 4, 1, 5, 39, 14),
(490, 5, 1, 7, 91, 7),
(501, 2, 1, 4, 98, 20),
(502, 4, 2, 8, 37, 29),
(503, 2, 1, 1, 15, 16),
(503, 3, 2, 6, 29, 29),
(506, 2, 3, 6, 64, 16),
(507, 3, 3, 4, 80, 30),
(511, 4, 1, 6, 21, 11),
(512, 5, 3, 6, 8, 23),
(514, 2, 1, 6, 25, 26),
(514, 5, 2, 2, 68, 8),
(515, 3, 3, 10, 14, 30),
(516, 3, 1, 1, 49, 8),
(518, 1, 1, 10, 41, 24),
(518, 2, 2, 8, 6, 16),
(519, 3, 2, 1, 86, 10),
(521, 2, 2, 9, 42, 24),
(522, 5, 3, 6, 97, 10),
(526, 1, 2, 6, 84, 8),
(527, 1, 2, 3, 90, 21),
(529, 1, 2, 10, 80, 18),
(532, 4, 3, 5, 59, 17),
(536, 2, 3, 2, 5, 24),
(536, 3, 1, 8, 70, 21),
(545, 4, 3, 4, 82, 26),
(551, 3, 3, 6, 33, 17),
(551, 5, 3, 5, 60, 6),
(553, 5, 3, 7, 50, 14),
(554, 5, 2, 4, 30, 14),
(555, 3, 3, 2, 5, 16),
(559, 2, 1, 10, 61, 15),
(561, 3, 2, 9, 45, 7),
(562, 1, 2, 1, 85, 10),
(563, 2, 3, 7, 91, 9),
(566, 5, 1, 3, 23, 27),
(568, 2, 3, 2, 99, 5),
(568, 4, 3, 10, 47, 22),
(571, 4, 2, 3, 82, 28),
(572, 3, 3, 9, 90, 20),
(574, 1, 1, 1, 38, 24),
(576, 1, 3, 4, 87, 20),
(579, 3, 3, 8, 56, 12),
(580, 4, 1, 2, 95, 11),
(580, 5, 1, 5, 58, 30),
(582, 2, 1, 6, 27, 9),
(584, 2, 2, 4, 35, 13),
(585, 1, 1, 3, 66, 19),
(588, 1, 3, 4, 73, 10),
(588, 5, 2, 4, 35, 7),
(589, 5, 1, 4, 93, 26),
(595, 5, 2, 5, 15, 30),
(597, 4, 1, 8, 70, 8),
(605, 1, 1, 4, 36, 24),
(609, 1, 3, 4, 84, 17),
(618, 2, 2, 2, 51, 15),
(620, 2, 2, 2, 19, 30),
(623, 2, 3, 8, 89, 14),
(629, 5, 2, 10, 27, 12),
(632, 3, 1, 3, 11, 19),
(633, 2, 3, 10, 45, 15),
(633, 3, 3, 7, 30, 20),
(635, 4, 1, 7, 50, 23),
(636, 3, 1, 10, 86, 9),
(637, 2, 2, 7, 38, 12),
(651, 1, 1, 8, 80, 5),
(652, 1, 1, 9, 34, 5),
(652, 3, 2, 8, 35, 12),
(653, 3, 2, 3, 85, 20),
(658, 5, 1, 2, 40, 25),
(667, 4, 2, 5, 55, 17),
(669, 1, 2, 9, 82, 13),
(670, 5, 2, 8, 50, 20),
(671, 2, 2, 8, 45, 16),
(672, 4, 1, 2, 9, 18),
(673, 1, 1, 7, 74, 27),
(674, 2, 3, 1, 60, 7),
(675, 5, 1, 4, 38, 28),
(676, 3, 1, 5, 36, 11),
(676, 5, 1, 4, 84, 24),
(677, 1, 2, 2, 98, 5),
(677, 5, 3, 8, 35, 12),
(682, 3, 3, 6, 61, 9),
(683, 1, 2, 9, 5, 26),
(684, 3, 3, 5, 13, 5),
(685, 4, 3, 6, 50, 28),
(685, 5, 3, 5, 76, 15),
(686, 2, 3, 7, 76, 29),
(688, 4, 1, 4, 28, 23),
(690, 3, 1, 9, 85, 8),
(694, 1, 2, 2, 60, 7),
(694, 4, 3, 3, 53, 15),
(699, 1, 1, 9, 57, 6),
(700, 4, 1, 5, 37, 29),
(702, 1, 3, 2, 33, 29),
(707, 5, 2, 2, 68, 26),
(709, 3, 1, 5, 17, 12),
(713, 5, 2, 2, 51, 5),
(715, 2, 2, 9, 80, 30),
(715, 5, 2, 2, 19, 16),
(718, 2, 3, 5, 67, 24),
(722, 5, 2, 6, 94, 20),
(723, 2, 3, 2, 19, 25),
(725, 3, 3, 10, 84, 22),
(726, 2, 3, 4, 85, 15),
(727, 3, 2, 5, 22, 30),
(730, 3, 2, 4, 80, 7),
(730, 4, 2, 8, 33, 26),
(731, 1, 3, 8, 80, 10),
(735, 3, 1, 2, 69, 29),
(737, 2, 2, 6, 54, 12),
(742, 4, 2, 5, 89, 5),
(746, 2, 2, 4, 53, 11),
(746, 5, 2, 3, 53, 13),
(753, 5, 3, 1, 97, 9),
(756, 2, 1, 8, 88, 27),
(756, 5, 1, 3, 71, 20),
(761, 5, 1, 7, 41, 21),
(769, 2, 2, 4, 57, 10),
(771, 3, 3, 2, 83, 12),
(773, 1, 2, 2, 30, 21),
(776, 4, 2, 2, 87, 28),
(777, 4, 2, 9, 10, 27),
(779, 5, 2, 9, 7, 25),
(785, 4, 1, 10, 49, 26),
(786, 4, 2, 4, 21, 17),
(790, 5, 3, 5, 97, 7),
(793, 1, 2, 9, 26, 30),
(794, 1, 2, 7, 6, 17),
(797, 5, 3, 2, 77, 23),
(799, 3, 3, 7, 8, 5);

-- --------------------------------------------------------

--
-- Table structure for table `product`
--

CREATE TABLE `product` (
  `id` int(8) NOT NULL,
  `container_type` varchar(20) NOT NULL
) ENGINE=InnoDB DEFAULT CHARSET=utf8mb4;

--
-- Dumping data for table `product`
--

INSERT INTO `product` (`id`, `container_type`) VALUES
(1, 'can'),
(2, 'case'),
(3, 'keg');

-- --------------------------------------------------------

--
-- Table structure for table `purchase_order`
--

CREATE TABLE `purchase_order` (
  `id` int(8) NOT NULL,
  `datetime` datetime NOT NULL,
  `brewer_id` int(8) NOT NULL
) ENGINE=InnoDB DEFAULT CHARSET=utf8mb4;

--
-- Dumping data for table `purchase_order`
--

INSERT INTO `purchase_order` (`id`, `datetime`, `brewer_id`) VALUES
(1, '2021-07-21 10:46:18', 1),
(2, '2021-08-01 21:35:41', 1),
(3, '2021-03-24 21:47:35', 1),
(4, '2022-02-12 18:57:11', 1),
(5, '2021-03-13 03:29:09', 1),
(6, '2021-11-19 18:37:26', 1),
(7, '2020-02-24 08:54:03', 1),
(8, '2021-11-21 20:36:21', 1),
(9, '2020-11-17 16:43:54', 1),
(10, '2021-07-15 05:46:15', 1),
(11, '2021-05-22 12:24:08', 1),
(12, '2021-01-28 00:47:30', 1),
(13, '2021-11-13 18:33:15', 1),
(14, '2020-05-22 23:18:38', 1),
(15, '2020-01-03 22:45:21', 1),
(16, '2020-07-17 19:36:32', 1),
(17, '2020-10-12 05:28:02', 1),
(18, '2020-05-23 17:10:37', 1),
(19, '2021-03-10 18:10:27', 1),
(20, '2020-04-08 02:55:27', 1),
(21, '2021-11-21 01:33:17', 1),
(22, '2020-12-27 10:50:14', 1),
(23, '2021-08-19 00:14:44', 1),
(24, '2020-12-12 16:18:28', 1),
(25, '2021-05-24 12:50:22', 1),
(26, '2021-07-11 22:38:02', 1),
(27, '2022-01-19 20:58:36', 1),
(28, '2021-04-22 06:21:42', 1),
(29, '2021-02-19 16:36:33', 1),
(30, '2020-10-13 12:22:32', 1),
(31, '2021-06-24 19:40:12', 1),
(32, '2020-01-08 18:57:53', 1),
(33, '2020-09-26 21:18:31', 1),
(34, '2020-04-08 19:38:10', 1),
(35, '2020-12-14 23:35:14', 1),
(36, '2021-02-26 07:44:14', 1),
(37, '2020-02-15 14:16:39', 1),
(38, '2022-01-11 09:17:51', 1),
(39, '2022-02-10 05:46:06', 1),
(40, '2021-10-21 02:21:14', 1),
(41, '2021-05-16 17:41:53', 1),
(42, '2020-08-25 18:22:00', 1),
(43, '2020-04-10 07:15:57', 1),
(44, '2021-12-31 00:09:37', 1),
(45, '2020-03-29 05:29:25', 1),
(46, '2020-03-05 16:21:35', 1),
(47, '2022-02-16 21:32:03', 1),
(48, '2020-07-21 08:03:38', 1),
(49, '2021-08-11 00:47:22', 1),
(50, '2021-08-17 18:13:21', 1),
(51, '2020-06-25 07:57:19', 1),
(52, '2020-04-24 01:10:53', 1),
(53, '2022-01-18 23:00:42', 1),
(54, '2020-12-31 04:42:03', 1),
(55, '2021-08-03 07:00:12', 1),
(56, '2021-04-18 13:00:41', 1),
(57, '2021-11-06 05:47:42', 1),
(58, '2022-03-10 23:42:42', 1),
(59, '2020-05-27 16:50:22', 1),
(60, '2021-03-13 20:48:07', 1),
(61, '2021-11-24 05:48:27', 1),
(62, '2022-03-13 10:45:39', 1),
(63, '2021-08-02 23:35:36', 1),
(64, '2020-08-08 08:29:57', 1),
(65, '2020-02-18 13:40:52', 1),
(66, '2022-01-28 08:37:32', 1),
(67, '2020-09-16 01:01:20', 1),
(68, '2021-01-28 00:32:03', 1),
(69, '2020-04-23 14:52:33', 1),
(70, '2020-07-22 15:58:34', 1),
(71, '2021-06-25 14:57:09', 1),
(72, '2022-01-04 20:37:40', 1),
(73, '2020-08-28 19:05:48', 1),
(74, '2022-03-11 20:48:10', 1),
(75, '2021-09-23 08:36:22', 1),
(76, '2021-06-01 02:10:02', 1),
(77, '2020-10-03 15:12:43', 1),
(78, '2020-04-03 19:02:33', 1),
(79, '2021-01-23 13:00:27', 1),
(80, '2020-10-24 13:05:49', 1),
(81, '2021-08-06 09:33:22', 1),
(82, '2021-03-25 01:37:12', 1),
(83, '2022-03-08 22:29:37', 1),
(84, '2021-02-04 16:48:00', 1),
(85, '2020-03-20 10:37:40', 1),
(86, '2020-02-29 16:25:19', 1),
(87, '2021-07-22 14:18:36', 1),
(88, '2020-03-15 06:19:50', 1),
(89, '2021-04-03 15:42:52', 1),
(90, '2021-10-05 12:08:24', 1),
(91, '2021-09-02 15:25:21', 1),
(92, '2020-12-13 23:21:48', 1),
(93, '2021-08-06 23:21:26', 1),
(94, '2020-05-14 05:09:30', 1),
(95, '2021-07-20 10:53:28', 1),
(96, '2021-06-25 16:12:28', 1),
(97, '2022-02-24 15:56:09', 1),
(98, '2021-07-23 23:28:37', 1),
(99, '2020-12-15 07:23:03', 1),
(100, '2020-05-12 06:30:33', 1),
(101, '2022-02-12 11:52:15', 1),
(102, '2020-02-09 11:33:32', 1),
(103, '2022-01-10 06:39:17', 1),
(104, '2020-02-25 23:58:29', 1),
(105, '2020-03-24 13:34:40', 1),
(106, '2021-07-15 09:37:25', 1),
(107, '2020-12-02 20:57:56', 1),
(108, '2021-12-23 01:13:40', 1),
(109, '2020-11-19 21:43:57', 1),
(110, '2021-08-28 20:55:41', 1),
(111, '2021-02-04 15:01:27', 1),
(112, '2022-02-12 07:15:03', 1),
(113, '2021-06-25 15:25:11', 1),
(114, '2021-11-27 09:26:35', 1),
(115, '2020-12-21 09:03:20', 1),
(116, '2020-01-02 05:05:16', 1),
(117, '2021-01-11 23:19:54', 1),
(118, '2022-03-14 09:06:40', 1),
(119, '2021-04-25 17:26:33', 1),
(120, '2021-05-06 06:40:04', 1),
(121, '2020-04-25 00:32:47', 1),
(122, '2021-01-12 14:44:10', 1),
(123, '2020-07-24 12:41:58', 1),
(124, '2020-03-16 07:29:24', 1),
(125, '2021-07-06 02:06:26', 1),
(126, '2020-11-30 22:31:46', 1),
(127, '2022-01-06 20:39:30', 1),
(128, '2020-10-21 22:45:22', 1),
(129, '2020-08-18 10:31:39', 1),
(130, '2020-07-29 19:51:16', 1),
(131, '2021-03-29 15:13:56', 1),
(132, '2020-08-28 16:49:51', 1),
(133, '2022-02-18 01:49:34', 1),
(134, '2022-01-10 11:27:58', 1),
(135, '2021-09-22 14:25:47', 1),
(136, '2020-01-26 13:06:26', 1),
(137, '2021-05-17 23:13:53', 1),
(138, '2021-01-07 15:10:20', 1),
(139, '2020-04-19 22:06:56', 1),
(140, '2021-09-04 06:24:10', 1),
(141, '2021-07-05 04:54:03', 1),
(142, '2021-01-18 16:25:46', 1),
(143, '2020-11-09 15:04:04', 1),
(144, '2021-07-05 19:03:20', 1),
(145, '2021-02-04 22:21:24', 1),
(146, '2020-05-31 20:36:41', 1),
(147, '2021-04-19 13:40:25', 1),
(148, '2020-04-23 11:01:23', 1),
(149, '2021-02-13 07:04:02', 1),
(150, '2020-08-23 07:05:33', 1),
(151, '2020-03-30 17:51:06', 1),
(152, '2020-04-06 05:08:16', 1),
(153, '2021-12-03 06:08:39', 1),
(154, '2020-04-19 11:45:27', 1),
(155, '2020-08-14 09:19:23', 1),
(156, '2020-11-06 23:18:18', 1),
(157, '2021-07-04 04:02:14', 1),
(158, '2021-12-05 05:56:43', 1),
(159, '2021-07-05 14:49:08', 1),
(160, '2021-05-02 20:51:59', 1),
(161, '2020-05-02 06:24:58', 1),
(162, '2020-11-20 09:10:08', 1),
(163, '2021-02-06 20:25:21', 1),
(164, '2021-08-05 05:47:48', 1),
(165, '2020-01-13 13:47:48', 1),
(166, '2021-11-19 15:52:09', 1),
(167, '2020-10-26 19:09:35', 1),
(168, '2021-11-09 18:51:19', 1),
(169, '2021-01-02 10:38:11', 1),
(170, '2020-04-28 14:04:33', 1),
(171, '2021-06-25 23:16:22', 1),
(172, '2021-08-06 11:31:05', 1),
(173, '2022-02-06 16:17:48', 1),
(174, '2020-05-05 21:35:44', 1),
(175, '2020-07-21 11:49:06', 1),
(176, '2021-05-07 19:21:48', 1),
(177, '2021-07-03 23:16:58', 1),
(178, '2020-05-23 02:24:24', 1),
(179, '2020-09-20 15:14:46', 1),
(180, '2021-10-16 09:46:21', 1),
(181, '2020-05-30 23:36:03', 1),
(182, '2020-12-03 15:33:31', 1),
(183, '2020-11-10 18:31:39', 1),
(184, '2021-01-26 16:20:46', 1),
(185, '2021-07-28 10:02:17', 1),
(186, '2021-02-14 17:37:26', 1),
(187, '2021-12-09 07:44:04', 1),
(188, '2020-05-05 16:48:15', 1),
(189, '2021-01-14 22:36:29', 1),
(190, '2021-04-15 19:12:38', 1),
(191, '2021-10-18 21:44:24', 1),
(192, '2021-09-17 12:21:21', 1),
(193, '2020-02-06 02:15:41', 1),
(194, '2020-08-11 10:11:51', 1),
(195, '2021-08-03 15:20:49', 1),
(196, '2021-05-25 22:34:30', 1),
(197, '2021-02-19 02:33:05', 1),
(198, '2020-07-10 10:55:57', 1),
(199, '2021-11-12 15:07:41', 1),
(200, '2021-12-21 04:22:37', 1),
(201, '2020-12-25 00:04:00', 1),
(202, '2020-07-06 07:22:59', 1),
(203, '2020-04-02 02:21:43', 1),
(204, '2021-12-15 18:56:21', 1),
(205, '2020-12-24 23:29:36', 1),
(206, '2022-01-17 03:41:19', 1),
(207, '2021-05-07 05:05:00', 1),
(208, '2020-07-24 20:12:50', 1),
(209, '2021-04-10 17:12:36', 1),
(210, '2020-12-09 10:29:49', 1),
(211, '2021-12-05 09:45:57', 1),
(212, '2020-10-16 11:22:07', 1),
(213, '2020-11-03 09:23:25', 1),
(214, '2021-08-20 19:24:48', 1),
(215, '2021-03-23 02:48:41', 1),
(216, '2020-12-18 11:52:18', 1),
(217, '2020-02-11 11:15:04', 1),
(218, '2020-07-25 07:16:29', 1),
(219, '2021-11-08 13:25:49', 1),
(220, '2020-12-21 17:11:31', 1),
(221, '2020-09-21 06:52:52', 1),
(222, '2021-12-20 07:10:48', 1),
(223, '2022-02-03 19:03:03', 1),
(224, '2021-02-01 21:15:32', 1),
(225, '2021-11-04 14:55:36', 1),
(226, '2020-05-12 00:53:34', 1),
(227, '2021-06-02 11:11:22', 1),
(228, '2020-03-13 07:13:09', 1),
(229, '2021-10-09 01:07:26', 1),
(230, '2020-08-03 04:45:33', 1),
(231, '2020-01-30 12:55:45', 1),
(232, '2021-02-18 17:22:54', 1),
(233, '2021-07-08 00:39:18', 1),
(234, '2020-08-31 16:24:53', 1),
(235, '2020-09-29 19:39:25', 1),
(236, '2020-01-11 07:29:27', 1),
(237, '2020-06-24 19:58:14', 1),
(238, '2020-01-31 01:59:33', 1),
(239, '2021-06-16 02:56:33', 1),
(240, '2022-03-08 21:23:41', 1),
(241, '2022-03-18 00:20:04', 1),
(242, '2020-05-07 01:15:02', 1),
(243, '2021-03-17 00:34:21', 1),
(244, '2020-06-29 06:20:11', 1),
(245, '2021-03-26 13:39:22', 1),
(246, '2022-01-29 21:00:30', 1),
(247, '2020-02-10 16:14:18', 1),
(248, '2022-02-14 10:31:00', 1),
(249, '2021-09-10 17:13:30', 1),
(250, '2020-02-24 05:28:45', 1),
(251, '2020-11-16 13:22:20', 1),
(252, '2020-02-28 12:24:15', 1),
(253, '2020-04-11 23:12:38', 1),
(254, '2020-04-16 15:49:07', 1),
(255, '2020-03-19 12:11:09', 1),
(256, '2021-05-01 23:01:50', 1),
(257, '2021-05-03 19:24:54', 1),
(258, '2020-07-01 05:03:25', 1),
(259, '2021-05-11 02:22:10', 1),
(260, '2022-02-28 18:29:00', 1),
(261, '2021-12-07 22:43:25', 1),
(262, '2020-01-09 16:52:31', 1),
(263, '2021-06-17 09:37:54', 1),
(264, '2021-05-02 05:56:59', 1),
(265, '2020-02-27 10:31:35', 1),
(266, '2020-01-11 18:20:24', 1),
(267, '2021-09-15 02:29:48', 1),
(268, '2021-10-22 19:11:37', 1),
(269, '2020-04-22 08:55:23', 1),
(270, '2020-12-02 08:24:43', 1),
(271, '2020-03-01 16:17:00', 1),
(272, '2021-12-21 16:36:10', 1),
(273, '2021-10-15 21:00:08', 1),
(274, '2021-10-30 18:43:38', 1),
(275, '2021-12-04 04:04:26', 1),
(276, '2020-04-28 08:10:04', 1),
(277, '2021-01-11 22:22:11', 1),
(278, '2020-02-21 03:49:35', 1),
(279, '2020-07-06 04:53:46', 1),
(280, '2020-03-13 06:24:51', 1),
(281, '2020-01-27 20:08:23', 1),
(282, '2020-04-01 08:39:28', 1),
(283, '2020-10-17 09:49:24', 1),
(284, '2021-03-31 10:45:19', 1),
(285, '2022-03-13 20:20:46', 1),
(286, '2021-11-04 07:50:21', 1),
(287, '2020-05-29 08:34:26', 1),
(288, '2021-08-01 17:56:47', 1),
(289, '2020-12-04 17:30:17', 1),
(290, '2020-03-25 13:25:53', 1),
(291, '2020-01-15 18:19:03', 1),
(292, '2020-07-01 09:26:35', 1),
(293, '2021-10-12 00:55:28', 1),
(294, '2021-03-06 20:40:13', 1),
(295, '2021-10-04 01:47:29', 1),
(296, '2020-06-03 21:25:34', 1),
(297, '2020-02-24 15:02:02', 1),
(298, '2020-11-02 15:50:23', 1),
(299, '2020-08-05 07:32:25', 1),
(300, '2021-04-02 22:10:25', 1),
(301, '2020-11-18 07:17:04', 1),
(302, '2021-11-28 05:09:16', 1),
(303, '2020-07-13 20:46:08', 1),
(304, '2021-05-22 22:58:36', 1),
(305, '2021-04-18 16:37:37', 1),
(306, '2020-03-28 09:23:30', 1),
(307, '2020-02-24 21:18:38', 1),
(308, '2020-04-29 19:17:24', 1),
(309, '2020-11-26 00:10:19', 1),
(310, '2020-04-06 12:53:37', 1),
(311, '2020-04-29 22:40:31', 1),
(312, '2020-05-04 03:01:54', 1),
(313, '2020-02-09 14:49:41', 1),
(314, '2020-05-22 04:37:51', 1),
(315, '2020-08-21 21:42:07', 1),
(316, '2021-05-24 15:02:52', 1),
(317, '2020-03-26 09:00:16', 1),
(318, '2020-12-20 09:45:35', 1),
(319, '2021-10-03 11:42:33', 1),
(320, '2021-01-02 10:14:21', 1),
(321, '2020-10-29 09:12:34', 1),
(322, '2020-01-09 02:29:03', 1),
(323, '2021-05-13 12:22:34', 1),
(324, '2020-10-04 23:59:34', 1),
(325, '2021-04-04 13:29:26', 1),
(326, '2020-11-30 03:28:32', 1),
(327, '2021-10-20 21:18:18', 1),
(328, '2020-01-25 02:30:26', 1),
(329, '2020-04-06 21:37:14', 1),
(330, '2022-03-21 14:59:50', 1),
(331, '2020-07-24 10:55:59', 1),
(332, '2020-08-13 13:17:01', 1),
(333, '2020-08-30 21:01:02', 1),
(334, '2020-05-27 23:42:29', 1),
(335, '2021-02-15 10:53:54', 1),
(336, '2021-07-20 02:02:01', 1),
(337, '2021-02-24 09:18:16', 1),
(338, '2021-08-27 12:44:19', 1),
(339, '2022-02-06 01:30:47', 1),
(340, '2021-05-23 10:07:44', 1),
(341, '2020-10-26 23:58:07', 1),
(342, '2021-08-06 00:42:30', 1),
(343, '2021-10-09 06:27:13', 1),
(344, '2021-05-18 16:45:09', 1),
(345, '2020-10-19 16:18:15', 1),
(346, '2021-07-22 14:27:44', 1),
(347, '2020-08-02 23:21:45', 1),
(348, '2022-01-23 18:43:32', 1),
(349, '2022-03-22 01:03:29', 1),
(350, '2021-10-16 16:15:29', 1),
(351, '2020-11-19 17:01:32', 1),
(352, '2020-05-09 09:12:04', 1),
(353, '2020-07-25 00:24:34', 1),
(354, '2020-03-06 06:59:06', 1),
(355, '2021-11-11 23:35:09', 1),
(356, '2021-11-03 19:11:48', 1),
(357, '2020-07-12 10:30:02', 1),
(358, '2020-03-29 23:04:50', 1),
(359, '2020-12-01 06:28:41', 1),
(360, '2021-10-20 09:47:12', 1),
(361, '2021-05-03 20:17:25', 1),
(362, '2021-12-20 23:21:59', 1),
(363, '2020-06-18 01:32:10', 1),
(364, '2020-06-25 02:02:15', 1),
(365, '2021-06-07 14:51:53', 1),
(366, '2021-04-13 18:51:06', 1),
(367, '2020-12-01 20:31:44', 1),
(368, '2021-08-04 00:06:35', 1),
(369, '2020-11-27 11:00:44', 1),
(370, '2021-07-08 12:44:02', 1),
(371, '2020-09-17 06:48:56', 1),
(372, '2021-10-06 01:04:36', 1),
(373, '2021-01-01 15:28:19', 1),
(374, '2020-04-22 11:04:07', 1),
(375, '2020-09-18 18:56:21', 1),
(376, '2021-07-23 14:10:25', 1),
(377, '2022-02-07 13:07:41', 1),
(378, '2021-12-14 11:28:14', 1),
(379, '2022-01-19 23:30:31', 1),
(380, '2021-10-08 08:42:38', 1),
(381, '2021-04-07 15:37:21', 1),
(382, '2020-07-09 02:57:07', 1),
(383, '2021-03-06 02:14:52', 1),
(384, '2022-02-16 22:30:22', 1),
(385, '2020-04-26 13:43:34', 1),
(386, '2020-10-08 19:01:56', 1),
(387, '2021-01-16 07:11:59', 1),
(388, '2021-03-13 02:19:33', 1),
(389, '2021-06-11 14:22:05', 1),
(390, '2021-09-16 04:09:48', 1),
(391, '2020-06-08 15:45:04', 1),
(392, '2020-01-16 01:00:16', 1),
(393, '2021-11-04 20:49:06', 1),
(394, '2020-01-30 23:24:38', 1),
(395, '2020-10-08 11:16:57', 1),
(396, '2020-01-05 19:16:10', 1),
(397, '2020-08-26 14:56:57', 1),
(398, '2020-08-24 10:10:00', 1),
(399, '2021-12-09 10:52:32', 1),
(400, '2020-03-11 15:27:36', 1),
(401, '2020-03-14 23:32:42', 1),
(402, '2020-10-18 20:18:07', 1),
(403, '2021-03-24 09:31:05', 1),
(404, '2020-11-16 22:51:16', 1),
(405, '2021-09-12 18:58:08', 1),
(406, '2020-12-21 04:12:22', 1),
(407, '2021-01-19 22:44:16', 1),
(408, '2021-09-10 07:37:30', 1),
(409, '2020-08-18 12:06:21', 1),
(410, '2020-04-11 11:21:02', 1),
(411, '2022-01-22 15:34:00', 1),
(412, '2021-11-02 19:01:14', 1),
(413, '2021-03-20 09:42:04', 1),
(414, '2020-07-23 19:36:23', 1),
(415, '2020-05-29 08:37:36', 1),
(416, '2021-02-01 22:00:06', 1),
(417, '2021-11-24 09:08:36', 1),
(418, '2022-02-04 15:29:37', 1),
(419, '2020-08-09 22:26:11', 1),
(420, '2020-11-23 06:26:56', 1),
(421, '2021-07-17 00:11:15', 1),
(422, '2020-11-24 14:07:09', 1),
(423, '2020-02-14 18:36:28', 1),
(424, '2020-05-05 21:52:05', 1),
(425, '2020-06-29 03:50:29', 1),
(426, '2022-01-29 18:43:47', 1),
(427, '2021-12-27 14:51:54', 1),
(428, '2021-05-27 04:34:17', 1),
(429, '2022-01-08 15:43:16', 1),
(430, '2021-04-08 14:29:42', 1),
(431, '2021-04-20 05:10:27', 1),
(432, '2021-05-04 06:00:27', 1),
(433, '2020-03-18 14:56:39', 1),
(434, '2020-01-22 15:52:15', 1),
(435, '2020-11-03 17:39:29', 1),
(436, '2022-01-23 20:08:29', 1),
(437, '2020-12-13 15:31:19', 1),
(438, '2021-12-26 14:47:27', 1),
(439, '2020-03-20 17:08:59', 1),
(440, '2020-02-27 05:10:06', 1),
(441, '2021-05-09 03:04:32', 1),
(442, '2020-03-17 01:44:33', 1),
(443, '2020-10-18 17:28:42', 1),
(444, '2022-01-28 20:15:21', 1),
(445, '2021-11-03 01:42:22', 1),
(446, '2020-02-01 13:51:47', 1),
(447, '2020-08-20 19:22:57', 1),
(448, '2020-08-23 20:30:51', 1),
(449, '2021-03-30 05:45:58', 1),
(450, '2020-04-16 07:42:02', 1),
(451, '2020-02-29 17:21:42', 1),
(452, '2020-04-03 02:15:56', 1),
(453, '2022-01-02 14:01:53', 1),
(454, '2020-02-27 11:46:58', 1),
(455, '2020-10-07 22:34:45', 1),
(456, '2021-10-28 07:37:50', 1),
(457, '2020-12-20 12:11:54', 1),
(458, '2020-09-25 18:39:06', 1),
(459, '2021-04-14 14:01:08', 1),
(460, '2020-02-05 11:38:01', 1),
(461, '2020-05-02 07:45:26', 1),
(462, '2021-10-11 23:26:08', 1),
(463, '2020-01-05 13:55:22', 1),
(464, '2021-03-12 12:22:30', 1),
(465, '2021-03-15 23:07:25', 1),
(466, '2021-01-21 10:08:21', 1),
(467, '2021-09-20 20:06:55', 1),
(468, '2020-09-13 09:57:05', 1),
(469, '2020-08-25 16:01:26', 1),
(470, '2020-01-25 12:14:44', 1),
(471, '2021-12-10 09:04:04', 1),
(472, '2021-11-04 22:14:08', 1),
(473, '2021-02-22 02:23:27', 1),
(474, '2021-06-30 22:57:57', 1),
(475, '2021-03-17 08:41:33', 1),
(476, '2021-10-18 23:31:50', 1),
(477, '2021-11-17 03:50:26', 1),
(478, '2020-12-28 01:12:08', 1),
(479, '2020-10-13 21:06:39', 1),
(480, '2021-04-13 07:16:22', 1),
(481, '2021-05-14 10:34:57', 1),
(482, '2021-05-24 12:58:00', 1),
(483, '2020-08-31 23:43:05', 1),
(484, '2020-04-26 02:26:38', 1),
(485, '2021-06-22 00:15:51', 1),
(486, '2020-09-18 14:57:35', 1),
(487, '2021-06-02 14:11:30', 1),
(488, '2020-02-08 05:13:31', 1),
(489, '2021-11-14 04:13:43', 1),
(490, '2021-01-31 01:39:02', 1),
(491, '2021-10-14 06:20:27', 1),
(492, '2020-02-08 00:29:25', 1),
(493, '2021-12-13 09:22:42', 1),
(494, '2020-09-06 13:30:15', 1),
(495, '2021-11-24 03:01:50', 1),
(496, '2020-10-23 12:47:11', 1),
(497, '2021-05-28 22:05:00', 1),
(498, '2020-11-02 04:51:07', 1),
(499, '2020-06-18 11:51:00', 1),
(500, '2020-12-07 07:27:10', 1),
(501, '2022-03-15 14:28:46', 1),
(502, '2021-06-17 16:53:39', 1),
(503, '2021-04-20 04:12:46', 1),
(504, '2020-10-05 01:12:01', 1),
(505, '2020-09-28 23:43:29', 1),
(506, '2020-03-08 16:11:03', 1),
(507, '2021-08-17 03:28:49', 1),
(508, '2021-01-22 20:32:44', 1),
(509, '2021-06-30 20:40:46', 1),
(510, '2020-11-11 10:47:29', 1),
(511, '2021-09-21 10:28:33', 1),
(512, '2020-09-24 05:49:26', 1),
(513, '2020-01-23 13:27:38', 1),
(514, '2020-02-18 08:25:12', 1),
(515, '2022-01-23 01:04:21', 1),
(516, '2020-03-10 19:30:44', 1),
(517, '2020-02-18 12:55:05', 1),
(518, '2020-08-27 05:25:53', 1),
(519, '2020-10-17 10:59:47', 1),
(520, '2020-11-06 08:29:36', 1),
(521, '2020-01-13 02:01:28', 1),
(522, '2021-08-25 22:52:14', 1),
(523, '2020-07-25 00:42:59', 1),
(524, '2021-06-03 23:02:23', 1),
(525, '2020-03-14 12:18:31', 1),
(526, '2021-01-07 11:49:40', 1),
(527, '2021-10-16 17:44:08', 1),
(528, '2021-05-12 13:59:24', 1),
(529, '2021-10-24 07:38:53', 1),
(530, '2021-04-20 01:54:37', 1),
(531, '2021-09-02 16:51:24', 1),
(532, '2020-06-23 07:48:15', 1),
(533, '2021-11-04 17:24:41', 1),
(534, '2021-08-27 08:52:29', 1),
(535, '2020-03-22 18:20:50', 1),
(536, '2021-06-13 18:12:45', 1),
(537, '2021-02-25 22:39:10', 1),
(538, '2022-02-10 05:54:30', 1),
(539, '2022-02-16 13:53:25', 1),
(540, '2020-08-16 23:40:50', 1),
(541, '2020-10-17 00:54:09', 1),
(542, '2020-11-26 05:41:34', 1),
(543, '2021-09-13 17:12:41', 1),
(544, '2020-09-14 17:23:51', 1),
(545, '2020-04-11 17:51:54', 1),
(546, '2021-07-07 05:58:45', 1),
(547, '2021-07-27 17:57:21', 1),
(548, '2021-01-06 13:32:53', 1),
(549, '2022-01-07 02:29:42', 1),
(550, '2021-12-14 08:40:13', 1),
(551, '2020-04-01 12:02:43', 1),
(552, '2022-02-08 08:59:59', 1),
(553, '2020-08-14 02:20:53', 1),
(554, '2021-11-13 01:29:05', 1),
(555, '2020-01-10 06:16:55', 1),
(556, '2020-06-05 02:37:06', 1),
(557, '2022-02-01 18:58:13', 1),
(558, '2020-09-28 02:59:05', 1),
(559, '2021-09-05 22:00:46', 1),
(560, '2020-10-22 01:01:39', 1),
(561, '2020-10-27 10:53:03', 1),
(562, '2020-04-19 07:28:58', 1),
(563, '2020-10-20 21:21:19', 1),
(564, '2022-01-06 12:30:31', 1),
(565, '2021-11-09 02:51:03', 1),
(566, '2021-08-05 17:37:09', 1),
(567, '2021-09-22 00:31:21', 1),
(568, '2020-08-02 09:58:40', 1),
(569, '2020-01-04 09:40:04', 1),
(570, '2022-03-17 17:00:24', 1),
(571, '2021-07-05 02:09:35', 1),
(572, '2022-01-23 07:46:05', 1),
(573, '2021-02-12 15:39:18', 1),
(574, '2021-06-13 01:18:39', 1),
(575, '2021-01-02 04:41:27', 1),
(576, '2020-10-08 19:29:50', 1),
(577, '2020-01-30 14:26:10', 1),
(578, '2021-10-30 20:04:33', 1),
(579, '2021-04-06 17:26:46', 1),
(580, '2021-10-14 20:43:17', 1),
(581, '2021-08-29 07:04:25', 1),
(582, '2020-02-21 08:01:40', 1),
(583, '2020-05-31 05:16:50', 1),
(584, '2021-05-13 19:36:12', 1),
(585, '2021-03-03 12:05:49', 1),
(586, '2021-09-25 15:16:33', 1),
(587, '2021-09-19 21:51:44', 1),
(588, '2021-12-09 04:15:08', 1),
(589, '2020-01-27 10:00:27', 1),
(590, '2022-01-25 09:59:25', 1),
(591, '2022-02-04 07:43:14', 1),
(592, '2020-06-16 17:29:50', 1),
(593, '2021-04-17 11:14:51', 1),
(594, '2020-02-20 19:49:06', 1),
(595, '2021-10-27 08:18:59', 1),
(596, '2020-05-31 03:51:43', 1),
(597, '2020-01-22 07:28:20', 1),
(598, '2021-03-05 06:59:30', 1),
(599, '2021-03-29 15:34:59', 1),
(600, '2022-03-11 11:31:00', 1),
(601, '2020-09-30 00:18:44', 1),
(602, '2022-03-14 18:16:21', 1),
(603, '2022-02-10 21:54:25', 1),
(604, '2022-02-25 16:43:53', 1),
(605, '2021-02-01 21:47:54', 1),
(606, '2020-12-17 07:38:42', 1),
(607, '2021-04-24 01:28:37', 1),
(608, '2021-04-30 16:36:16', 1),
(609, '2020-03-13 13:08:24', 1),
(610, '2020-05-27 22:21:34', 1),
(611, '2021-10-25 08:53:35', 1),
(612, '2020-05-15 12:12:14', 1),
(613, '2020-01-19 21:35:20', 1),
(614, '2022-03-06 11:34:40', 1),
(615, '2021-02-08 07:27:35', 1),
(616, '2021-08-14 11:59:47', 1),
(617, '2020-01-16 13:37:20', 1),
(618, '2021-01-23 09:47:17', 1),
(619, '2021-09-08 14:02:56', 1),
(620, '2020-06-17 15:18:03', 1),
(621, '2020-03-25 03:26:08', 1),
(622, '2021-04-02 14:54:26', 1),
(623, '2021-07-20 15:25:50', 1),
(624, '2021-07-23 05:10:19', 1),
(625, '2020-03-12 08:58:27', 1),
(626, '2022-02-07 23:30:44', 1),
(627, '2020-06-07 00:48:03', 1),
(628, '2021-02-26 05:28:33', 1),
(629, '2020-10-10 21:08:33', 1),
(630, '2021-12-16 06:38:10', 1),
(631, '2020-03-31 05:41:58', 1),
(632, '2020-07-30 07:58:15', 1),
(633, '2020-06-07 18:32:55', 1),
(634, '2021-04-25 07:14:47', 1),
(635, '2021-03-30 03:47:13', 1),
(636, '2021-12-11 18:42:55', 1),
(637, '2021-04-14 13:48:49', 1),
(638, '2020-09-23 21:15:48', 1),
(639, '2022-02-21 17:08:54', 1),
(640, '2021-07-20 21:15:01', 1),
(641, '2021-07-16 08:57:26', 1),
(642, '2021-09-16 02:04:08', 1),
(643, '2020-06-04 22:32:47', 1),
(644, '2020-03-03 03:55:26', 1),
(645, '2020-08-14 23:38:02', 1),
(646, '2021-11-16 13:39:28', 1),
(647, '2021-09-30 14:40:47', 1),
(648, '2021-03-18 00:56:56', 1),
(649, '2021-11-21 07:48:10', 1),
(650, '2021-09-20 22:34:13', 1),
(651, '2020-04-08 03:53:38', 1),
(652, '2020-05-21 13:38:47', 1),
(653, '2021-08-02 21:54:42', 1),
(654, '2020-03-06 18:27:13', 1),
(655, '2022-03-02 13:47:31', 1),
(656, '2022-02-02 09:02:14', 1),
(657, '2020-03-22 22:26:36', 1),
(658, '2020-11-06 07:01:15', 1),
(659, '2020-07-24 17:04:08', 1),
(660, '2020-07-07 23:13:30', 1),
(661, '2022-01-31 12:45:35', 1),
(662, '2021-02-16 08:32:11', 1),
(663, '2021-01-29 11:05:32', 1),
(664, '2021-07-11 01:07:01', 1),
(665, '2020-04-23 16:21:10', 1),
(666, '2021-01-13 23:33:29', 1),
(667, '2022-01-04 05:34:42', 1),
(668, '2021-06-26 15:11:44', 1),
(669, '2021-06-19 06:38:18', 1),
(670, '2020-11-24 14:56:43', 1),
(671, '2021-09-01 19:47:23', 1),
(672, '2020-05-20 12:45:51', 1),
(673, '2020-09-05 18:12:45', 1),
(674, '2020-04-06 08:28:20', 1),
(675, '2022-02-08 21:12:22', 1),
(676, '2021-06-24 22:15:21', 1),
(677, '2021-07-11 19:54:12', 1),
(678, '2021-11-04 21:26:27', 1),
(679, '2021-05-18 15:54:27', 1),
(680, '2020-10-03 08:07:09', 1),
(681, '2021-01-24 13:51:32', 1),
(682, '2021-03-31 23:52:28', 1),
(683, '2021-12-06 22:24:48', 1),
(684, '2022-01-02 22:52:48', 1),
(685, '2020-05-15 12:20:48', 1),
(686, '2021-09-03 10:15:56', 1),
(687, '2022-03-16 19:22:34', 1),
(688, '2021-08-27 03:37:04', 1),
(689, '2021-02-07 09:59:36', 1),
(690, '2020-03-29 20:24:19', 1),
(691, '2020-10-20 05:06:59', 1),
(692, '2020-05-05 23:03:01', 1),
(693, '2020-05-09 07:29:55', 1),
(694, '2020-03-21 11:04:43', 1),
(695, '2020-08-31 02:06:33', 1),
(696, '2021-04-27 01:54:40', 1),
(697, '2021-03-15 18:54:53', 1),
(698, '2020-11-13 08:56:49', 1),
(699, '2022-02-26 04:11:47', 1),
(700, '2020-08-28 21:15:00', 1),
(701, '2020-10-28 16:16:46', 1),
(702, '2020-03-15 10:21:41', 1),
(703, '2021-08-19 19:58:04', 1),
(704, '2020-03-22 23:08:56', 1),
(705, '2021-10-25 02:17:41', 1),
(706, '2021-09-28 04:04:23', 1),
(707, '2022-02-23 06:07:16', 1),
(708, '2020-03-09 03:42:15', 1),
(709, '2022-01-21 13:39:33', 1),
(710, '2020-07-10 11:53:36', 1),
(711, '2021-05-16 18:43:46', 1),
(712, '2020-11-21 03:55:00', 1),
(713, '2021-10-24 16:24:05', 1),
(714, '2021-10-14 19:00:08', 1),
(715, '2021-05-11 10:46:14', 1),
(716, '2021-07-14 20:27:33', 1),
(717, '2021-12-17 03:28:50', 1),
(718, '2021-04-03 09:23:43', 1),
(719, '2022-02-03 09:18:04', 1),
(720, '2021-11-05 11:23:14', 1),
(721, '2020-03-08 16:10:46', 1),
(722, '2021-10-06 05:30:40', 1),
(723, '2022-02-12 04:11:34', 1),
(724, '2020-03-14 05:14:29', 1),
(725, '2021-02-24 17:49:46', 1),
(726, '2022-03-10 05:02:37', 1),
(727, '2020-01-06 08:47:19', 1),
(728, '2020-05-28 13:09:42', 1),
(729, '2020-07-04 22:49:31', 1),
(730, '2021-12-29 11:22:33', 1),
(731, '2021-09-27 20:54:24', 1),
(732, '2020-11-15 04:18:04', 1),
(733, '2020-03-23 06:41:09', 1),
(734, '2021-10-26 15:13:38', 1),
(735, '2020-12-18 15:27:34', 1),
(736, '2020-05-25 08:32:56', 1),
(737, '2020-06-21 00:30:08', 1),
(738, '2020-05-17 06:40:57', 1),
(739, '2020-09-13 21:09:01', 1),
(740, '2020-05-02 17:28:30', 1),
(741, '2021-04-02 11:19:22', 1),
(742, '2021-09-19 06:17:25', 1),
(743, '2021-11-11 17:49:02', 1),
(744, '2020-07-11 08:38:17', 1),
(745, '2021-08-16 23:28:24', 1),
(746, '2020-03-01 08:19:19', 1),
(747, '2020-10-04 04:49:55', 1),
(748, '2020-12-29 05:12:33', 1),
(749, '2020-02-13 21:15:48', 1),
(750, '2021-11-10 18:47:17', 1),
(751, '2021-01-17 08:38:02', 1),
(752, '2021-09-26 08:05:33', 1),
(753, '2020-05-21 12:44:32', 1),
(754, '2020-02-25 01:35:44', 1),
(755, '2020-06-19 01:41:30', 1),
(756, '2020-10-25 08:09:53', 1),
(757, '2022-03-03 02:37:39', 1),
(758, '2020-11-15 14:36:24', 1),
(759, '2021-02-13 18:10:03', 1),
(760, '2020-07-31 01:02:25', 1),
(761, '2021-08-27 07:29:06', 1),
(762, '2020-06-19 23:02:25', 1),
(763, '2020-01-25 23:42:58', 1),
(764, '2022-03-12 03:14:36', 1),
(765, '2021-01-25 03:18:38', 1),
(766, '2020-04-23 01:51:15', 1),
(767, '2021-11-24 23:53:13', 1),
(768, '2020-06-30 09:06:08', 1),
(769, '2020-04-15 05:19:44', 1),
(770, '2020-10-21 23:23:42', 1),
(771, '2021-09-20 03:44:30', 1),
(772, '2020-03-19 11:59:29', 1),
(773, '2020-09-09 10:43:41', 1),
(774, '2020-08-11 18:12:14', 1),
(775, '2020-05-20 11:01:14', 1),
(776, '2020-05-16 02:37:21', 1),
(777, '2021-09-02 03:00:46', 1),
(778, '2021-03-25 21:43:51', 1),
(779, '2021-10-22 12:35:07', 1),
(780, '2020-10-09 15:42:55', 1),
(781, '2021-11-29 14:02:57', 1),
(782, '2021-08-08 23:08:47', 1),
(783, '2022-03-07 11:50:54', 1),
(784, '2020-08-21 08:52:11', 1),
(785, '2020-08-09 22:26:43', 1),
(786, '2021-02-15 01:58:24', 1),
(787, '2021-06-09 04:03:51', 1),
(788, '2021-05-18 04:07:26', 1),
(789, '2021-11-27 02:16:08', 1),
(790, '2020-08-12 03:44:31', 1),
(791, '2022-02-01 13:26:10', 1),
(792, '2021-04-23 12:26:20', 1),
(793, '2020-12-09 13:24:16', 1),
(794, '2020-05-28 16:12:57', 1),
(795, '2020-11-03 11:00:39', 1),
(796, '2020-10-01 07:21:28', 1),
(797, '2021-03-01 20:07:52', 1),
(798, '2021-05-22 12:03:20', 1),
(799, '2020-04-18 11:32:01', 1),
(800, '2020-03-13 03:52:10', 1);

--
-- Indexes for dumped tables
--

--
-- Indexes for table `brewer`
--
ALTER TABLE `brewer`
  ADD PRIMARY KEY (`id`);

--
-- Indexes for table `customer`
--
ALTER TABLE `customer`
  ADD PRIMARY KEY (`id`);

--
-- Indexes for table `delivery`
--
ALTER TABLE `delivery`
  ADD PRIMARY KEY (`id`);

--
-- Indexes for table `deliv_sched`
--
ALTER TABLE `deliv_sched`
  ADD PRIMARY KEY (`delivery_id`,`schedule_no`),
  ADD KEY `customer_id` (`customer_id`);

--
-- Indexes for table `employee`
--
ALTER TABLE `employee`
  ADD PRIMARY KEY (`id`);

--
-- Indexes for table `employee_invoice`
--
ALTER TABLE `employee_invoice`
  ADD PRIMARY KEY (`employee_id`,`invoice_id`),
  ADD KEY `invoice_id` (`invoice_id`);

--
-- Indexes for table `invoice`
--
ALTER TABLE `invoice`
  ADD PRIMARY KEY (`id`);

--
-- Indexes for table `invoice_line`
--
ALTER TABLE `invoice_line`
  ADD PRIMARY KEY (`invoice_id`,`line_no`),
  ADD KEY `product_id` (`product_id`);

--
-- Indexes for table `po_line`
--
ALTER TABLE `po_line`
  ADD PRIMARY KEY (`purchase_order_id`,`line_no`),
  ADD KEY `product_id` (`product_id`);

--
-- Indexes for table `product`
--
ALTER TABLE `product`
  ADD PRIMARY KEY (`id`);

--
-- Indexes for table `purchase_order`
--
ALTER TABLE `purchase_order`
  ADD PRIMARY KEY (`id`),
  ADD KEY `brewer_id` (`brewer_id`);

--
-- AUTO_INCREMENT for dumped tables
--

--
-- AUTO_INCREMENT for table `brewer`
--
ALTER TABLE `brewer`
  MODIFY `id` int(8) NOT NULL AUTO_INCREMENT, AUTO_INCREMENT=201;

--
-- AUTO_INCREMENT for table `customer`
--
ALTER TABLE `customer`
  MODIFY `id` int(8) NOT NULL AUTO_INCREMENT, AUTO_INCREMENT=701;

--
-- AUTO_INCREMENT for table `delivery`
--
ALTER TABLE `delivery`
  MODIFY `id` int(8) NOT NULL AUTO_INCREMENT, AUTO_INCREMENT=1001;

--
-- AUTO_INCREMENT for table `employee`
--
ALTER TABLE `employee`
  MODIFY `id` int(8) NOT NULL AUTO_INCREMENT, AUTO_INCREMENT=101;

--
-- AUTO_INCREMENT for table `invoice`
--
ALTER TABLE `invoice`
  MODIFY `id` int(8) NOT NULL AUTO_INCREMENT, AUTO_INCREMENT=1001;

--
-- AUTO_INCREMENT for table `product`
--
ALTER TABLE `product`
  MODIFY `id` int(8) NOT NULL AUTO_INCREMENT, AUTO_INCREMENT=4;

--
-- AUTO_INCREMENT for table `purchase_order`
--
ALTER TABLE `purchase_order`
  MODIFY `id` int(8) NOT NULL AUTO_INCREMENT, AUTO_INCREMENT=801;

--
-- Constraints for dumped tables
--

--
-- Constraints for table `deliv_sched`
--
ALTER TABLE `deliv_sched`
  ADD CONSTRAINT `deliv_sched_ibfk_1` FOREIGN KEY (`customer_id`) REFERENCES `customer` (`id`) ON DELETE CASCADE ON UPDATE CASCADE,
  ADD CONSTRAINT `deliv_sched_ibfk_2` FOREIGN KEY (`delivery_id`) REFERENCES `delivery` (`id`) ON DELETE CASCADE ON UPDATE CASCADE;

--
-- Constraints for table `employee_invoice`
--
ALTER TABLE `employee_invoice`
  ADD CONSTRAINT `employee_invoice_ibfk_1` FOREIGN KEY (`employee_id`) REFERENCES `employee` (`id`) ON DELETE CASCADE ON UPDATE CASCADE,
  ADD CONSTRAINT `employee_invoice_ibfk_2` FOREIGN KEY (`invoice_id`) REFERENCES `invoice` (`id`) ON DELETE CASCADE ON UPDATE CASCADE;

--
-- Constraints for table `invoice_line`
--
ALTER TABLE `invoice_line`
  ADD CONSTRAINT `invoice_line_ibfk_1` FOREIGN KEY (`invoice_id`) REFERENCES `invoice` (`id`) ON DELETE CASCADE ON UPDATE CASCADE,
  ADD CONSTRAINT `invoice_line_ibfk_2` FOREIGN KEY (`product_id`) REFERENCES `product` (`id`) ON DELETE CASCADE ON UPDATE CASCADE;

--
-- Constraints for table `po_line`
--
ALTER TABLE `po_line`
  ADD CONSTRAINT `po_line_ibfk_1` FOREIGN KEY (`purchase_order_id`) REFERENCES `purchase_order` (`id`) ON DELETE CASCADE ON UPDATE CASCADE,
  ADD CONSTRAINT `po_line_ibfk_2` FOREIGN KEY (`product_id`) REFERENCES `product` (`id`) ON DELETE CASCADE ON UPDATE CASCADE;

--
-- Constraints for table `purchase_order`
--
ALTER TABLE `purchase_order`
  ADD CONSTRAINT `purchase_order_ibfk_1` FOREIGN KEY (`brewer_id`) REFERENCES `brewer` (`id`) ON DELETE CASCADE ON UPDATE CASCADE;
COMMIT;

/*!40101 SET CHARACTER_SET_CLIENT=@OLD_CHARACTER_SET_CLIENT */;
/*!40101 SET CHARACTER_SET_RESULTS=@OLD_CHARACTER_SET_RESULTS */;
/*!40101 SET COLLATION_CONNECTION=@OLD_COLLATION_CONNECTION */;
